party_id,party_list_name,order_id,name_ka,first_name,last_name,majoritarian_district_number,majoritarian_district_name,partisanship,source_pdf,source_page,pdf_sha256
patriots,"დავით თარხან-მოურავი,ირმა ინაშვილი - საქართველოს პატრიოტთა ალიანსი",1,დავით თარხან-მოურავი,დავით,თარხან-მოურავი,,,საქართველოს პატრიოტთა ალიანსი,aliansi_sia_2016.pdf,1,8717a25ac1af2f80b002e2f92d77c053075acaa79f1c22e93ff931342e4bb258
patriots,"დავით თარხან-მოურავი,ირმა ინაშვილი - საქართველოს პატრიოტთა ალიანსი",2,ზაზა ოქუაშვილი,ზაზა,ოქუაშვილი,,,უპარტიო,aliansi_sia_2016.pdf,1,8717a25ac1af2f80b002e2f92d77c053075acaa79f1c22e93ff931342e4bb258
patriots,"დავით თარხან-მოურავი,ირმა ინაშვილი - საქართველოს პატრიოტთა ალიანსი",3,მერაბ ბლადაძე,მერაბ,ბლადაძე,,,უპარტიო,aliansi_sia_2016.pdf,1,8717a25ac1af2f80b002e2f92d77c053075acaa79f1c22e93ff931342e4bb258
patriots,"დავით თარხან-მოურავი,ირმა ინაშვილი - საქართველოს პატრიოტთა ალიანსი",4,დავით ქარცივაძე,დავით,ქარცივაძე,,,უპარტიო,aliansi_sia_2016.pdf,1,8717a25ac1af2f80b002e2f92d77c053075acaa79f1c22e93ff931342e4bb258
patriots,"დავით თარხან-მოურავი,ირმა ინაშვილი - საქართველოს პატრიოტთა ალიანსი",5,მამული ჟღენტი,მამული,ჟღენტი,69,ბათუმი,უპარტიო,aliansi_sia_2016.pdf,1,8717a25ac1af2f80b002e2f92d77c053075acaa79f1c22e93ff931342e4bb258
patriots,"დავით თარხან-მოურავი,ირმა ინაშვილი - საქართველოს პატრიოტთა ალიანსი",6,ელგუჯა პაიჭაძე,ელგუჯა,პაიჭაძე,,,საქართველოს პატრიოტთა ალიანსი,aliansi_sia_2016.pdf,1,8717a25ac1af2f80b002e2f92d77c053075acaa79f1c22e93ff931342e4bb258
patriots,"დავით თარხან-მოურავი,ირმა ინაშვილი - საქართველოს პატრიოტთა ალიანსი",7,ავთანდილ ხაბაზი,ავთანდილ,ხაბაზი,71,ქობულეთი,საქართველოს პატრიოტთა ალიანსი,aliansi_sia_2016.pdf,1,8717a25ac1af2f80b002e2f92d77c053075acaa79f1c22e93ff931342e4bb258
patriots,"დავით თარხან-მოურავი,ირმა ინაშვილი - საქართველოს პატრიოტთა ალიანსი",8,ნინო დავითაშვილი,ნინო,დავითაშვილი,,,საქართველოს პატრიოტთა ალიანსი,aliansi_sia_2016.pdf,1,8717a25ac1af2f80b002e2f92d77c053075acaa79f1c22e93ff931342e4bb258
patriots,"დავით თარხან-მოურავი,ირმა ინაშვილი - საქართველოს პატრიოტთა ალიანსი",9,ეთერ თავართქილაძე,ეთერ,თავართქილაძე,,,უპარტიო,aliansi_sia_2016.pdf,1,8717a25ac1af2f80b002e2f92d77c053075acaa79f1c22e93ff931342e4bb258
patriots,"დავით თარხან-მოურავი,ირმა ინაშვილი - საქართველოს პატრიოტთა ალიანსი",10,ლამარა ქათამაძე,ლამარა,ქათამაძე,,,საქართველოს პატრიოტთა ალიანსი,aliansi_sia_2016.pdf,1,8717a25ac1af2f80b002e2f92d77c053075acaa79f1c22e93ff931342e4bb258
patriots,"დავით თარხან-მოურავი,ირმა ინაშვილი - საქართველოს პატრიოტთა ალიანსი",11,ლევან ლორთქიფანიძე,ლევან,ლორთქიფანიძე,72,ხელვაჩაური,საქართველოს პატრიოტთა ალიანსი,aliansi_sia_2016.pdf,1,8717a25ac1af2f80b002e2f92d77c053075acaa79f1c22e93ff931342e4bb258
patriots,"დავით თარხან-მოურავი,ირმა ინაშვილი - საქართველოს პატრიოტთა ალიანსი",12,არჩილ მამულაძე,არჩილ,მამულაძე,70,ბათუმი,საქართველოს პატრიოტთა ალიანსი,aliansi_sia_2016.pdf,1,8717a25ac1af2f80b002e2f92d77c053075acaa79f1c22e93ff931342e4bb258
patriots,"დავით თარხან-მოურავი,ირმა ინაშვილი - საქართველოს პატრიოტთა ალიანსი",13,ტარიელ მამულაიშვილი,ტარიელ,მამულაიშვილი,68,ბათუმი,საქართველოს პატრიოტთა ალიანსი,aliansi_sia_2016.pdf,1,8717a25ac1af2f80b002e2f92d77c053075acaa79f1c22e93ff931342e4bb258
patriots,"დავით თარხან-მოურავი,ირმა ინაშვილი - საქართველოს პატრიოტთა ალიანსი",14,ავთანდილ ქარჩავა,ავთანდილ,ქარჩავა,,,საქართველოს პატრიოტთა ალიანსი,aliansi_sia_2016.pdf,1,8717a25ac1af2f80b002e2f92d77c053075acaa79f1c22e93ff931342e4bb258
patriots,"დავით თარხან-მოურავი,ირმა ინაშვილი - საქართველოს პატრიოტთა ალიანსი",15,ზებურ ავალიანი,ზებურ,ავალიანი,,,საქართველოს პატრიოტთა ალიანსი,aliansi_sia_2016.pdf,1,8717a25ac1af2f80b002e2f92d77c053075acaa79f1c22e93ff931342e4bb258
patriots,"დავით თარხან-მოურავი,ირმა ინაშვილი - საქართველოს პატრიოტთა ალიანსი",16,ჯეირან ფალავანდიშვილი,ჯეირან,ფალავანდიშვილი,,,საქართველოს პატრიოტთა ალიანსი,aliansi_sia_2016.pdf,1,8717a25ac1af2f80b002e2f92d77c053075acaa79f1c22e93ff931342e4bb258
patriots,"დავით თარხან-მოურავი,ირმა ინაშვილი - საქართველოს პატრიოტთა ალიანსი",17,გურამ სურმანიძე,გურამ,სურმანიძე,73,ხულო,საქართველოს პატრიოტთა ალიანსი,aliansi_sia_2016.pdf,1,8717a25ac1af2f80b002e2f92d77c053075acaa79f1c22e93ff931342e4bb258
patriots,"დავით თარხან-მოურავი,ირმა ინაშვილი - საქართველოს პატრიოტთა ალიანსი",18,ხათუნა ცეცხლაძე,ხათუნა,ცეცხლაძე,,,საქართველოს პატრიოტთა ალიანსი,aliansi_sia_2016.pdf,1,8717a25ac1af2f80b002e2f92d77c053075acaa79f1c22e93ff931342e4bb258
patriots,"დავით თარხან-მოურავი,ირმა ინაშვილი - საქართველოს პატრიოტთა ალიანსი",19,ნატო გამყრელიძე,ნატო,გამყრელიძე,,,საქართველოს პატრიოტთა ალიანსი,aliansi_sia_2016.pdf,1,8717a25ac1af2f80b002e2f92d77c053075acaa79f1c22e93ff931342e4bb258
patriots,"დავით თარხან-მოურავი,ირმა ინაშვილი - საქართველოს პატრიოტთა ალიანსი",20,ნატო დონდოლაძე,ნატო,დონდოლაძე,,,საქართველოს პატრიოტთა ალიანსი,aliansi_sia_2016.pdf,1,8717a25ac1af2f80b002e2f92d77c053075acaa79f1c22e93ff931342e4bb258
patriots,"დავით თარხან-მოურავი,ირმა ინაშვილი - საქართველოს პატრიოტთა ალიანსი",21,დურსუნ მიქელაძე,დურსუნ,მიქელაძე,,,საქართველოს პატრიოტთა ალიანსი,aliansi_sia_2016.pdf,2,8717a25ac1af2f80b002e2f92d77c053075acaa79f1c22e93ff931342e4bb258
patriots,"დავით თარხან-მოურავი,ირმა ინაშვილი - საქართველოს პატრიოტთა ალიანსი",22,პაატა ჭყონია,პაატა,ჭყონია,,,საქართველოს პატრიოტთა ალიანსი,aliansi_sia_2016.pdf,2,8717a25ac1af2f80b002e2f92d77c053075acaa79f1c22e93ff931342e4bb258
patriots,"დავით თარხან-მოურავი,ირმა ინაშვილი - საქართველოს პატრიოტთა ალიანსი",23,ლევან თურმანიძე,ლევან,თურმანიძე,,,უპარტიო,aliansi_sia_2016.pdf,2,8717a25ac1af2f80b002e2f92d77c053075acaa79f1c22e93ff931342e4bb258
patriots,"დავით თარხან-მოურავი,ირმა ინაშვილი - საქართველოს პატრიოტთა ალიანსი",24,გივი საფარიძე,გივი,საფარიძე,,,საქართველოს პატრიოტთა ალიანსი,aliansi_sia_2016.pdf,2,8717a25ac1af2f80b002e2f92d77c053075acaa79f1c22e93ff931342e4bb258
patriots,"დავით თარხან-მოურავი,ირმა ინაშვილი - საქართველოს პატრიოტთა ალიანსი",25,სოსლან ხინიკაძე,სოსლან,ხინიკაძე,,,საქართველოს პატრიოტთა ალიანსი,aliansi_sia_2016.pdf,2,8717a25ac1af2f80b002e2f92d77c053075acaa79f1c22e93ff931342e4bb258
patriots,"დავით თარხან-მოურავი,ირმა ინაშვილი - საქართველოს პატრიოტთა ალიანსი",26,ლევან სურგულაძე,ლევან,სურგულაძე,,,საქართველოს პატრიოტთა ალიანსი,aliansi_sia_2016.pdf,2,8717a25ac1af2f80b002e2f92d77c053075acaa79f1c22e93ff931342e4bb258
patriots,"დავით თარხან-მოურავი,ირმა ინაშვილი - საქართველოს პატრიოტთა ალიანსი",27,დავით კუკულაძე,დავით,კუკულაძე,,,საქართველოს პატრიოტთა ალიანსი,aliansi_sia_2016.pdf,2,8717a25ac1af2f80b002e2f92d77c053075acaa79f1c22e93ff931342e4bb258
patriots,"დავით თარხან-მოურავი,ირმა ინაშვილი - საქართველოს პატრიოტთა ალიანსი",28,ნინო გოგიტიძე,ნინო,გოგიტიძე,,,უპარტიო,aliansi_sia_2016.pdf,2,8717a25ac1af2f80b002e2f92d77c053075acaa79f1c22e93ff931342e4bb258
patriots,"დავით თარხან-მოურავი,ირმა ინაშვილი - საქართველოს პატრიოტთა ალიანსი",29,ია მოწყობილი,ია,მოწყობილი,,,უპარტიო,aliansi_sia_2016.pdf,2,8717a25ac1af2f80b002e2f92d77c053075acaa79f1c22e93ff931342e4bb258
patriots,"დავით თარხან-მოურავი,ირმა ინაშვილი - საქართველოს პატრიოტთა ალიანსი",30,რუსუდან მიქელაძე,რუსუდან,მიქელაძე,,,უპარტიო,aliansi_sia_2016.pdf,2,8717a25ac1af2f80b002e2f92d77c053075acaa79f1c22e93ff931342e4bb258
patriots,"დავით თარხან-მოურავი,ირმა ინაშვილი - საქართველოს პატრიოტთა ალიანსი",31,ირაკლი ბარამიძე,ირაკლი,ბარამიძე,,,უპარტიო,aliansi_sia_2016.pdf,2,8717a25ac1af2f80b002e2f92d77c053075acaa79f1c22e93ff931342e4bb258
patriots,"დავით თარხან-მოურავი,ირმა ინაშვილი - საქართველოს პატრიოტთა ალიანსი",32,ვალერი მოწყობილი,ვალერი,მოწყობილი,,,საქართველოს პატრიოტთა ალიანსი,aliansi_sia_2016.pdf,2,8717a25ac1af2f80b002e2f92d77c053075acaa79f1c22e93ff931342e4bb258
patriots,"დავით თარხან-მოურავი,ირმა ინაშვილი - საქართველოს პატრიოტთა ალიანსი",33,ანა ჟორჟოლიანი,ანა,ჟორჟოლიანი,,,უპარტიო,aliansi_sia_2016.pdf,2,8717a25ac1af2f80b002e2f92d77c053075acaa79f1c22e93ff931342e4bb258
patriots,"დავით თარხან-მოურავი,ირმა ინაშვილი - საქართველოს პატრიოტთა ალიანსი",34,ლოლა ცეცხლაძე,ლოლა,ცეცხლაძე,,,საქართველოს პატრიოტთა ალიანსი,aliansi_sia_2016.pdf,2,8717a25ac1af2f80b002e2f92d77c053075acaa79f1c22e93ff931342e4bb258
national_forum,ეროვნული ფორუმი,1,მერაბ აბაშიძე,მერაბ,აბაშიძე,72,ხელვაჩაური,მპგ „ეროვნული ფორუმი“,forumi_sia_2016.pdf,1,a75cdda44a3cdbd5cc24f1cb7742db6b0bee45aa292d994dd54839a572962a8d
national_forum,ეროვნული ფორუმი,2,ზაალ ჯაფარიძე,ზაალ,ჯაფარიძე,70,ბათუმი,მპგ „ეროვნული ფორუმი“,forumi_sia_2016.pdf,1,a75cdda44a3cdbd5cc24f1cb7742db6b0bee45aa292d994dd54839a572962a8d
national_forum,ეროვნული ფორუმი,3,თინა იმნაძე,თინა,იმნაძე,69,ბათუმი,მპგ „ეროვნული ფორუმი“,forumi_sia_2016.pdf,1,a75cdda44a3cdbd5cc24f1cb7742db6b0bee45aa292d994dd54839a572962a8d
national_forum,ეროვნული ფორუმი,4,ნუგზარ ზოსიძე,ნუგზარ,ზოსიძე,73,ხულო,მპგ „ეროვნული ფორუმი“,forumi_sia_2016.pdf,1,a75cdda44a3cdbd5cc24f1cb7742db6b0bee45aa292d994dd54839a572962a8d
national_forum,ეროვნული ფორუმი,5,ჯამილა მინჯია,ჯამილა,მინჯია,68,ბათუმი,მპგ „ეროვნული ფორუმი“,forumi_sia_2016.pdf,1,a75cdda44a3cdbd5cc24f1cb7742db6b0bee45aa292d994dd54839a572962a8d
national_forum,ეროვნული ფორუმი,6,სოფიო ცეცხლაძე,სოფიო,ცეცხლაძე,71,ქობულეთი,მპგ „ეროვნული ფორუმი“,forumi_sia_2016.pdf,1,a75cdda44a3cdbd5cc24f1cb7742db6b0bee45aa292d994dd54839a572962a8d
national_forum,ეროვნული ფორუმი,7,ნუგზარ აბაშიძე,ნუგზარ,აბაშიძე,,,მპგ „ეროვნული ფორუმი“,forumi_sia_2016.pdf,1,a75cdda44a3cdbd5cc24f1cb7742db6b0bee45aa292d994dd54839a572962a8d
national_forum,ეროვნული ფორუმი,8,დავით საფარიძე,დავით,საფარიძე,,,მპგ „ეროვნული ფორუმი“,forumi_sia_2016.pdf,1,a75cdda44a3cdbd5cc24f1cb7742db6b0bee45aa292d994dd54839a572962a8d
national_forum,ეროვნული ფორუმი,9,გიული მხეიძე,გიული,მხეიძე,,,მპგ „ეროვნული ფორუმი“,forumi_sia_2016.pdf,1,a75cdda44a3cdbd5cc24f1cb7742db6b0bee45aa292d994dd54839a572962a8d
national_forum,ეროვნული ფორუმი,10,ნუკრი ბეჟანიძე,ნუკრი,ბეჟანიძე,,,მპგ „ეროვნული ფორუმი“,forumi_sia_2016.pdf,1,a75cdda44a3cdbd5cc24f1cb7742db6b0bee45aa292d994dd54839a572962a8d
national_forum,ეროვნული ფორუმი,11,მარინე გურგენიძე,მარინე,გურგენიძე,,,მპგ „ეროვნული ფორუმი“,forumi_sia_2016.pdf,1,a75cdda44a3cdbd5cc24f1cb7742db6b0bee45aa292d994dd54839a572962a8d
national_forum,ეროვნული ფორუმი,12,გურამ ანანიძე,გურამ,ანანიძე,,,მპგ „ეროვნული ფორუმი“,forumi_sia_2016.pdf,1,a75cdda44a3cdbd5cc24f1cb7742db6b0bee45aa292d994dd54839a572962a8d
national_forum,ეროვნული ფორუმი,13,ზორბეგ ქარცივაძე,ზორბეგ,ქარცივაძე,,,მპგ „ეროვნული ფორუმი“,forumi_sia_2016.pdf,1,a75cdda44a3cdbd5cc24f1cb7742db6b0bee45aa292d994dd54839a572962a8d
national_forum,ეროვნული ფორუმი,14,რაულ გოჩიტიძე,რაულ,გოჩიტიძე,,,მპგ „ეროვნული ფორუმი“,forumi_sia_2016.pdf,1,a75cdda44a3cdbd5cc24f1cb7742db6b0bee45aa292d994dd54839a572962a8d
national_forum,ეროვნული ფორუმი,15,ნოდარ თურმანიძე,ნოდარ,თურმანიძე,,,მპგ „ეროვნული ფორუმი“,forumi_sia_2016.pdf,1,a75cdda44a3cdbd5cc24f1cb7742db6b0bee45aa292d994dd54839a572962a8d
national_forum,ეროვნული ფორუმი,16,ზურაბ გოგიტიძე,ზურაბ,გოგიტიძე,,,მპგ „ეროვნული ფორუმი“,forumi_sia_2016.pdf,1,a75cdda44a3cdbd5cc24f1cb7742db6b0bee45aa292d994dd54839a572962a8d
national_forum,ეროვნული ფორუმი,17,გია ჭელიძე,გია,ჭელიძე,,,მპგ „ეროვნული ფორუმი“,forumi_sia_2016.pdf,1,a75cdda44a3cdbd5cc24f1cb7742db6b0bee45aa292d994dd54839a572962a8d
national_forum,ეროვნული ფორუმი,18,შოთა ფუტკარაძე,შოთა,ფუტკარაძე,,,მპგ „ეროვნული ფორუმი“,forumi_sia_2016.pdf,1,a75cdda44a3cdbd5cc24f1cb7742db6b0bee45aa292d994dd54839a572962a8d
national_forum,ეროვნული ფორუმი,19,თენგიზ ღოღელიანი,თენგიზ,ღოღელიანი,,,მპგ „ეროვნული ფორუმი“,forumi_sia_2016.pdf,1,a75cdda44a3cdbd5cc24f1cb7742db6b0bee45aa292d994dd54839a572962a8d
national_forum,ეროვნული ფორუმი,20,ნარგიზ დიასამიძე,ნარგიზ,დიასამიძე,,,მპგ „ეროვნული ფორუმი“,forumi_sia_2016.pdf,1,a75cdda44a3cdbd5cc24f1cb7742db6b0bee45aa292d994dd54839a572962a8d
national_forum,ეროვნული ფორუმი,21,საბრი ბრუნჯაძე,საბრი,ბრუნჯაძე,,,მპგ „ეროვნული ფორუმი“,forumi_sia_2016.pdf,1,a75cdda44a3cdbd5cc24f1cb7742db6b0bee45aa292d994dd54839a572962a8d
national_forum,ეროვნული ფორუმი,22,ინეზა მხეიძე,ინეზა,მხეიძე,,,მპგ „ეროვნული ფორუმი“,forumi_sia_2016.pdf,1,a75cdda44a3cdbd5cc24f1cb7742db6b0bee45aa292d994dd54839a572962a8d
national_forum,ეროვნული ფორუმი,23,თათია ვარშანიძე,თათია,ვარშანიძე,,,მპგ „ეროვნული ფორუმი“,forumi_sia_2016.pdf,1,a75cdda44a3cdbd5cc24f1cb7742db6b0bee45aa292d994dd54839a572962a8d
national_forum,ეროვნული ფორუმი,24,არჩილ ცენტერაძე,არჩილ,ცენტერაძე,,,მპგ „ეროვნული ფორუმი“,forumi_sia_2016.pdf,1,a75cdda44a3cdbd5cc24f1cb7742db6b0bee45aa292d994dd54839a572962a8d
national_forum,ეროვნული ფორუმი,25,გულნაზ ღლონტი,გულნაზ,ღლონტი,,,მპგ „ეროვნული ფორუმი“,forumi_sia_2016.pdf,1,a75cdda44a3cdbd5cc24f1cb7742db6b0bee45aa292d994dd54839a572962a8d
national_forum,ეროვნული ფორუმი,26,ვლადიმერ მიქელაძე,ვლადიმერ,მიქელაძე,,,მპგ „ეროვნული ფორუმი“,forumi_sia_2016.pdf,1,a75cdda44a3cdbd5cc24f1cb7742db6b0bee45aa292d994dd54839a572962a8d
national_forum,ეროვნული ფორუმი,27,ნონა ჭანიძე,ნონა,ჭანიძე,,,მპგ „ეროვნული ფორუმი“,forumi_sia_2016.pdf,1,a75cdda44a3cdbd5cc24f1cb7742db6b0bee45aa292d994dd54839a572962a8d
national_forum,ეროვნული ფორუმი,28,ნინო ზოიძე,ნინო,ზოიძე,,,მპგ „ეროვნული ფორუმი“,forumi_sia_2016.pdf,1,a75cdda44a3cdbd5cc24f1cb7742db6b0bee45aa292d994dd54839a572962a8d
national_forum,ეროვნული ფორუმი,29,მამია აბაშიძე,მამია,აბაშიძე,,,მპგ „ეროვნული ფორუმი“,forumi_sia_2016.pdf,1,a75cdda44a3cdbd5cc24f1cb7742db6b0bee45aa292d994dd54839a572962a8d
national_forum,ეროვნული ფორუმი,30,ნიკა დარჩია,ნიკა,დარჩია,,,მპგ „ეროვნული ფორუმი“,forumi_sia_2016.pdf,1,a75cdda44a3cdbd5cc24f1cb7742db6b0bee45aa292d994dd54839a572962a8d
national_forum,ეროვნული ფორუმი,31,ჯაბა დუმბაძე,ჯაბა,დუმბაძე,,,მპგ „ეროვნული ფორუმი“,forumi_sia_2016.pdf,1,a75cdda44a3cdbd5cc24f1cb7742db6b0bee45aa292d994dd54839a572962a8d
mechiauri_united,თამაზ მეჭიაური - ერთიანი საქართველოსთვის,1,ჯემალ მეგრელიძე,ჯემალ,მეგრელიძე,70,ბათუმი,უპარტიო,mechiauri_sia_2016.pdf,1,2a4a9830f75de377be4529066ae2d22380754035845b9ccaeb7b9af7ac50aea3
mechiauri_united,თამაზ მეჭიაური - ერთიანი საქართველოსთვის,2,დავით ვარშანიძე,დავით,ვარშანიძე,,,უპარტიო,mechiauri_sia_2016.pdf,1,2a4a9830f75de377be4529066ae2d22380754035845b9ccaeb7b9af7ac50aea3
mechiauri_united,თამაზ მეჭიაური - ერთიანი საქართველოსთვის,3,ელგუჯა შავაძე,ელგუჯა,შავაძე,73,ხულო,უპარტიო,mechiauri_sia_2016.pdf,1,2a4a9830f75de377be4529066ae2d22380754035845b9ccaeb7b9af7ac50aea3
mechiauri_united,თამაზ მეჭიაური - ერთიანი საქართველოსთვის,4,რომან სურმანიძე,რომან,სურმანიძე,72,ხელვაჩაური,უპარტიო,mechiauri_sia_2016.pdf,1,2a4a9830f75de377be4529066ae2d22380754035845b9ccaeb7b9af7ac50aea3
mechiauri_united,თამაზ მეჭიაური - ერთიანი საქართველოსთვის,5,თემურ თხილაიშვილი,თემურ,თხილაიშვილი,71,ქობულეთი,უპარტიო,mechiauri_sia_2016.pdf,1,2a4a9830f75de377be4529066ae2d22380754035845b9ccaeb7b9af7ac50aea3
mechiauri_united,თამაზ მეჭიაური - ერთიანი საქართველოსთვის,6,თეიმურაზ ქავშბაია,თეიმურაზ,ქავშბაია,,,უპარტიო,mechiauri_sia_2016.pdf,1,2a4a9830f75de377be4529066ae2d22380754035845b9ccaeb7b9af7ac50aea3
mechiauri_united,თამაზ მეჭიაური - ერთიანი საქართველოსთვის,7,მარკელა ჩხაიძე,მარკელა,ჩხაიძე,68,ბათუმი,უპარტიო,mechiauri_sia_2016.pdf,1,2a4a9830f75de377be4529066ae2d22380754035845b9ccaeb7b9af7ac50aea3
mechiauri_united,თამაზ მეჭიაური - ერთიანი საქართველოსთვის,8,მილენა მგელაძე,მილენა,მგელაძე,,,უპარტიო,mechiauri_sia_2016.pdf,1,2a4a9830f75de377be4529066ae2d22380754035845b9ccaeb7b9af7ac50aea3
mechiauri_united,თამაზ მეჭიაური - ერთიანი საქართველოსთვის,9,ირმა მეგრელიძე,ირმა,მეგრელიძე,,,უპარტიო,mechiauri_sia_2016.pdf,1,2a4a9830f75de377be4529066ae2d22380754035845b9ccaeb7b9af7ac50aea3
mechiauri_united,თამაზ მეჭიაური - ერთიანი საქართველოსთვის,10,ხატია ხაბაზი,ხატია,ხაბაზი,,,უპარტიო,mechiauri_sia_2016.pdf,1,2a4a9830f75de377be4529066ae2d22380754035845b9ccaeb7b9af7ac50aea3
mechiauri_united,თამაზ მეჭიაური - ერთიანი საქართველოსთვის,11,მანუჩარ ირემაძე,მანუჩარ,ირემაძე,,,უპარტიო,mechiauri_sia_2016.pdf,1,2a4a9830f75de377be4529066ae2d22380754035845b9ccaeb7b9af7ac50aea3
mechiauri_united,თამაზ მეჭიაური - ერთიანი საქართველოსთვის,12,ნატო ბერია,ნატო,ბერია,,,უპარტიო,mechiauri_sia_2016.pdf,1,2a4a9830f75de377be4529066ae2d22380754035845b9ccaeb7b9af7ac50aea3
mechiauri_united,თამაზ მეჭიაური - ერთიანი საქართველოსთვის,13,ნოდარ გრძელიძე,ნოდარ,გრძელიძე,,,უპარტიო,mechiauri_sia_2016.pdf,1,2a4a9830f75de377be4529066ae2d22380754035845b9ccaeb7b9af7ac50aea3
mechiauri_united,თამაზ მეჭიაური - ერთიანი საქართველოსთვის,14,ცისანა ხარაბაძე,ცისანა,ხარაბაძე,,,უპარტიო,mechiauri_sia_2016.pdf,1,2a4a9830f75de377be4529066ae2d22380754035845b9ccaeb7b9af7ac50aea3
mechiauri_united,თამაზ მეჭიაური - ერთიანი საქართველოსთვის,15,ნუგზარ ბერიძე,ნუგზარ,ბერიძე,,,უპარტიო,mechiauri_sia_2016.pdf,1,2a4a9830f75de377be4529066ae2d22380754035845b9ccaeb7b9af7ac50aea3
mechiauri_united,თამაზ მეჭიაური - ერთიანი საქართველოსთვის,16,ნოდარ ქათამაძე,ნოდარ,ქათამაძე,,,უპარტიო,mechiauri_sia_2016.pdf,1,2a4a9830f75de377be4529066ae2d22380754035845b9ccaeb7b9af7ac50aea3
mechiauri_united,თამაზ მეჭიაური - ერთიანი საქართველოსთვის,17,მზია ტაკიძე,მზია,ტაკიძე,,,უპარტიო,mechiauri_sia_2016.pdf,1,2a4a9830f75de377be4529066ae2d22380754035845b9ccaeb7b9af7ac50aea3
mechiauri_united,თამაზ მეჭიაური - ერთიანი საქართველოსთვის,18,ინგა პატარავა,ინგა,პატარავა,,,უპარტიო,mechiauri_sia_2016.pdf,1,2a4a9830f75de377be4529066ae2d22380754035845b9ccaeb7b9af7ac50aea3
mechiauri_united,თამაზ მეჭიაური - ერთიანი საქართველოსთვის,19,რუსუდან სურმანიძე,რუსუდან,სურმანიძე,,,უპარტიო,mechiauri_sia_2016.pdf,1,2a4a9830f75de377be4529066ae2d22380754035845b9ccaeb7b9af7ac50aea3
mechiauri_united,თამაზ მეჭიაური - ერთიანი საქართველოსთვის,20,გოდერძი ბოლქვაძე,გოდერძი,ბოლქვაძე,,,უპარტიო,mechiauri_sia_2016.pdf,1,2a4a9830f75de377be4529066ae2d22380754035845b9ccaeb7b9af7ac50aea3
mechiauri_united,თამაზ მეჭიაური - ერთიანი საქართველოსთვის,21,ავთანდილ კეჟერაძე,ავთანდილ,კეჟერაძე,,,უპარტიო,mechiauri_sia_2016.pdf,1,2a4a9830f75de377be4529066ae2d22380754035845b9ccaeb7b9af7ac50aea3
mechiauri_united,თამაზ მეჭიაური - ერთიანი საქართველოსთვის,22,ლეილა ფუტკარაძე,ლეილა,ფუტკარაძე,,,უპარტიო,mechiauri_sia_2016.pdf,1,2a4a9830f75de377be4529066ae2d22380754035845b9ccaeb7b9af7ac50aea3
mechiauri_united,თამაზ მეჭიაური - ერთიანი საქართველოსთვის,23,სოფიკო დიასამიძე,სოფიკო,დიასამიძე,,,უპარტიო,mechiauri_sia_2016.pdf,1,2a4a9830f75de377be4529066ae2d22380754035845b9ccaeb7b9af7ac50aea3
mechiauri_united,თამაზ მეჭიაური - ერთიანი საქართველოსთვის,24,ზურაბ გორაძე,ზურაბ,გორაძე,,,უპარტიო,mechiauri_sia_2016.pdf,1,2a4a9830f75de377be4529066ae2d22380754035845b9ccaeb7b9af7ac50aea3
mechiauri_united,თამაზ მეჭიაური - ერთიანი საქართველოსთვის,25,ნატო ბედინაძე,ნატო,ბედინაძე,,,უპარტიო,mechiauri_sia_2016.pdf,1,2a4a9830f75de377be4529066ae2d22380754035845b9ccaeb7b9af7ac50aea3
mechiauri_united,თამაზ მეჭიაური - ერთიანი საქართველოსთვის,26,მზევინარ ჯიჯავაძე,მზევინარ,ჯიჯავაძე,,,უპარტიო,mechiauri_sia_2016.pdf,1,2a4a9830f75de377be4529066ae2d22380754035845b9ccaeb7b9af7ac50aea3
mechiauri_united,თამაზ მეჭიაური - ერთიანი საქართველოსთვის,27,მედეა ხინკილაძე,მედეა,ხინკილაძე,,,უპარტიო,mechiauri_sia_2016.pdf,1,2a4a9830f75de377be4529066ae2d22380754035845b9ccaeb7b9af7ac50aea3
mechiauri_united,თამაზ მეჭიაური - ერთიანი საქართველოსთვის,28,ხვიჩა ბოლქვაძე,ხვიჩა,ბოლქვაძე,,,უპარტიო,mechiauri_sia_2016.pdf,1,2a4a9830f75de377be4529066ae2d22380754035845b9ccaeb7b9af7ac50aea3
mechiauri_united,თამაზ მეჭიაური - ერთიანი საქართველოსთვის,29,შალიკო ბოლქვაძე,შალიკო,ბოლქვაძე,,,უპარტიო,mechiauri_sia_2016.pdf,1,2a4a9830f75de377be4529066ae2d22380754035845b9ccaeb7b9af7ac50aea3
mechiauri_united,თამაზ მეჭიაური - ერთიანი საქართველოსთვის,30,ნატო მგელაძე,ნატო,მგელაძე,,,უპარტიო,mechiauri_sia_2016.pdf,1,2a4a9830f75de377be4529066ae2d22380754035845b9ccaeb7b9af7ac50aea3
mechiauri_united,თამაზ მეჭიაური - ერთიანი საქართველოსთვის,31,ნუგზარ ქამაშიძე,ნუგზარ,ქამაშიძე,69,ბათუმი,უპარტიო,mechiauri_sia_2016.pdf,1,2a4a9830f75de377be4529066ae2d22380754035845b9ccaeb7b9af7ac50aea3
free_democrats,ირაკლი ალასანია - თავისუფალი დემოკრატები,1,კობა ჩხეიძე,კობა,ჩხეიძე,69,ბათუმი,მ.პ.გ. „თავისუფალი დემოკრატები“,alasania_sia_2016.pdf,1,19518e20372d318b32d4ff122f726ac0f9b669094539eb44a0935277f18a1ddc
free_democrats,ირაკლი ალასანია - თავისუფალი დემოკრატები,2,ჯაბა ბერიძე,ჯაბა,ბერიძე,68,ბათუმი,მ.პ.გ. „თავისუფალი დემოკრატები“,alasania_sia_2016.pdf,1,19518e20372d318b32d4ff122f726ac0f9b669094539eb44a0935277f18a1ddc
free_democrats,ირაკლი ალასანია - თავისუფალი დემოკრატები,3,ოთარ ცეცხლაძე,ოთარ,ცეცხლაძე,73,ხულო,მ.პ.გ. „თავისუფალი დემოკრატები“,alasania_sia_2016.pdf,1,19518e20372d318b32d4ff122f726ac0f9b669094539eb44a0935277f18a1ddc
free_democrats,ირაკლი ალასანია - თავისუფალი დემოკრატები,4,არმაზ ბახტაძე,არმაზ,ბახტაძე,70,ბათუმი,მ.პ.გ. „თავისუფალი დემოკრატები“,alasania_sia_2016.pdf,1,19518e20372d318b32d4ff122f726ac0f9b669094539eb44a0935277f18a1ddc
free_democrats,ირაკლი ალასანია - თავისუფალი დემოკრატები,5,ხათუნა ფაღავა,ხათუნა,ფაღავა,,,მ.პ.გ. „თავისუფალი დემოკრატები“,alasania_sia_2016.pdf,1,19518e20372d318b32d4ff122f726ac0f9b669094539eb44a0935277f18a1ddc
free_democrats,ირაკლი ალასანია - თავისუფალი დემოკრატები,6,სალომე ზაქარიაძე,სალომე,ზაქარიაძე,,,მ.პ.გ. „თავისუფალი დემოკრატები“,alasania_sia_2016.pdf,1,19518e20372d318b32d4ff122f726ac0f9b669094539eb44a0935277f18a1ddc
free_democrats,ირაკლი ალასანია - თავისუფალი დემოკრატები,7,პაატა ზაქარაძე,პაატა,ზაქარაძე,72,ხელვაჩაური,მ.პ.გ. „თავისუფალი დემოკრატები“,alasania_sia_2016.pdf,1,19518e20372d318b32d4ff122f726ac0f9b669094539eb44a0935277f18a1ddc
free_democrats,ირაკლი ალასანია - თავისუფალი დემოკრატები,8,კახაბერ კაკალაძე,კახაბერ,კაკალაძე,71,ქობულეთი,მ.პ.გ. „თავისუფალი დემოკრატები“,alasania_sia_2016.pdf,1,19518e20372d318b32d4ff122f726ac0f9b669094539eb44a0935277f18a1ddc
free_democrats,ირაკლი ალასანია - თავისუფალი დემოკრატები,9,ირაკლი მახარაძე,ირაკლი,მახარაძე,,,მ.პ.გ. „თავისუფალი დემოკრატები“,alasania_sia_2016.pdf,1,19518e20372d318b32d4ff122f726ac0f9b669094539eb44a0935277f18a1ddc
free_democrats,ირაკლი ალასანია - თავისუფალი დემოკრატები,10,ნარგიზა ალასანია,ნარგიზა,ალასანია,,,მ.პ.გ. „თავისუფალი დემოკრატები“,alasania_sia_2016.pdf,1,19518e20372d318b32d4ff122f726ac0f9b669094539eb44a0935277f18a1ddc
free_democrats,ირაკლი ალასანია - თავისუფალი დემოკრატები,11,აკაკი კუნჭულია,აკაკი,კუნჭულია,,,მ.პ.გ. „თავისუფალი დემოკრატები“,alasania_sia_2016.pdf,1,19518e20372d318b32d4ff122f726ac0f9b669094539eb44a0935277f18a1ddc
free_democrats,ირაკლი ალასანია - თავისუფალი დემოკრატები,12,გრიგორ აკოპიან,გრიგორ,აკოპიან,,,მ.პ.გ. „თავისუფალი დემოკრატები“,alasania_sia_2016.pdf,1,19518e20372d318b32d4ff122f726ac0f9b669094539eb44a0935277f18a1ddc
free_democrats,ირაკლი ალასანია - თავისუფალი დემოკრატები,13,ნინო ხალითბა,ნინო,ხალითბა,,,უპარტიო,alasania_sia_2016.pdf,1,19518e20372d318b32d4ff122f726ac0f9b669094539eb44a0935277f18a1ddc
free_democrats,ირაკლი ალასანია - თავისუფალი დემოკრატები,14,როსტომ მანველიძე,როსტომ,მანველიძე,,,მ.პ.გ. „თავისუფალი დემოკრატები“,alasania_sia_2016.pdf,1,19518e20372d318b32d4ff122f726ac0f9b669094539eb44a0935277f18a1ddc
free_democrats,ირაკლი ალასანია - თავისუფალი დემოკრატები,15,თეონა აბაშიძე,თეონა,აბაშიძე,,,მ.პ.გ. „თავისუფალი დემოკრატები“,alasania_sia_2016.pdf,1,19518e20372d318b32d4ff122f726ac0f9b669094539eb44a0935277f18a1ddc
free_democrats,ირაკლი ალასანია - თავისუფალი დემოკრატები,16,გელა აბაშიძე,გელა,აბაშიძე,,,მ.პ.გ. „თავისუფალი დემოკრატები“,alasania_sia_2016.pdf,1,19518e20372d318b32d4ff122f726ac0f9b669094539eb44a0935277f18a1ddc
free_democrats,ირაკლი ალასანია - თავისუფალი დემოკრატები,17,ასმათ დიასამიძე,ასმათ,დიასამიძე,,,მ.პ.გ. „თავისუფალი დემოკრატები“,alasania_sia_2016.pdf,1,19518e20372d318b32d4ff122f726ac0f9b669094539eb44a0935277f18a1ddc
free_democrats,ირაკლი ალასანია - თავისუფალი დემოკრატები,18,ნუგზარ სელიმბა,ნუგზარ,სელიმბა,,,მ.პ.გ. „თავისუფალი დემოკრატები“,alasania_sia_2016.pdf,1,19518e20372d318b32d4ff122f726ac0f9b669094539eb44a0935277f18a1ddc
free_democrats,ირაკლი ალასანია - თავისუფალი დემოკრატები,19,რომეო დიდმანიძე,რომეო,დიდმანიძე,,,მ.პ.გ. „თავისუფალი დემოკრატები“,alasania_sia_2016.pdf,1,19518e20372d318b32d4ff122f726ac0f9b669094539eb44a0935277f18a1ddc
free_democrats,ირაკლი ალასანია - თავისუფალი დემოკრატები,20,გიორგი გვენეტაძე,გიორგი,გვენეტაძე,,,მ.პ.გ. „თავისუფალი დემოკრატები“,alasania_sia_2016.pdf,2,19518e20372d318b32d4ff122f726ac0f9b669094539eb44a0935277f18a1ddc
free_democrats,ირაკლი ალასანია - თავისუფალი დემოკრატები,21,ნათელა დავითაძე,ნათელა,დავითაძე,,,მ.პ.გ. „თავისუფალი დემოკრატები“,alasania_sia_2016.pdf,2,19518e20372d318b32d4ff122f726ac0f9b669094539eb44a0935277f18a1ddc
free_democrats,ირაკლი ალასანია - თავისუფალი დემოკრატები,22,ჯანგულ შაინიძე,ჯანგულ,შაინიძე,,,მ.პ.გ. „თავისუფალი დემოკრატები“,alasania_sia_2016.pdf,2,19518e20372d318b32d4ff122f726ac0f9b669094539eb44a0935277f18a1ddc
free_democrats,ირაკლი ალასანია - თავისუფალი დემოკრატები,23,გია ლემსაძე,გია,ლემსაძე,,,მ.პ.გ. „თავისუფალი დემოკრატები“,alasania_sia_2016.pdf,2,19518e20372d318b32d4ff122f726ac0f9b669094539eb44a0935277f18a1ddc
free_democrats,ირაკლი ალასანია - თავისუფალი დემოკრატები,24,დიანა ღლონტი,დიანა,ღლონტი,,,მ.პ.გ. „თავისუფალი დემოკრატები“,alasania_sia_2016.pdf,2,19518e20372d318b32d4ff122f726ac0f9b669094539eb44a0935277f18a1ddc
free_democrats,ირაკლი ალასანია - თავისუფალი დემოკრატები,25,ზაზა ვანაძე,ზაზა,ვანაძე,,,მ.პ.გ. „თავისუფალი დემოკრატები“,alasania_sia_2016.pdf,2,19518e20372d318b32d4ff122f726ac0f9b669094539eb44a0935277f18a1ddc
free_democrats,ირაკლი ალასანია - თავისუფალი დემოკრატები,26,ნუგზარ ქოქოლაძე,ნუგზარ,ქოქოლაძე,,,მ.პ.გ. „თავისუფალი დემოკრატები“,alasania_sia_2016.pdf,2,19518e20372d318b32d4ff122f726ac0f9b669094539eb44a0935277f18a1ddc
free_democrats,ირაკლი ალასანია - თავისუფალი დემოკრატები,27,ალეკო გოჩიტიძე,ალეკო,გოჩიტიძე,,,მ.პ.გ. „თავისუფალი დემოკრატები“,alasania_sia_2016.pdf,2,19518e20372d318b32d4ff122f726ac0f9b669094539eb44a0935277f18a1ddc
free_democrats,ირაკლი ალასანია - თავისუფალი დემოკრატები,28,აკაკი ცენტერაძე,აკაკი,ცენტერაძე,,,მ.პ.გ. „თავისუფალი დემოკრატები“,alasania_sia_2016.pdf,2,19518e20372d318b32d4ff122f726ac0f9b669094539eb44a0935277f18a1ddc
free_democrats,ირაკლი ალასანია - თავისუფალი დემოკრატები,29,ინგა ვასაძე,ინგა,ვასაძე,,,მ.პ.გ. „თავისუფალი დემოკრატები“,alasania_sia_2016.pdf,2,19518e20372d318b32d4ff122f726ac0f9b669094539eb44a0935277f18a1ddc
unm,მ.პ..გ „ერთიანი ნაციონალური მოძრაობა“,1,ლევან ვარშალომიძე,ლევან,ვარშალომიძე,,,მპგ“ერთიანი ნაციონალური მოძრაობა“,nacionalebi_sia_2016.pdf,1,7f8276ffd69cd75a8dd4084c7238dd516732eb90eb255871b44890ccdb75fdd7
unm,მ.პ..გ „ერთიანი ნაციონალური მოძრაობა“,2,პეტრე ზამბახიძე,პეტრე,ზამბახიძე,,,მპგ“ერთიანი ნაციონალური მოძრაობა“,nacionalebi_sia_2016.pdf,1,7f8276ffd69cd75a8dd4084c7238dd516732eb90eb255871b44890ccdb75fdd7
unm,მ.პ..გ „ერთიანი ნაციონალური მოძრაობა“,3,გია აბულაძე,გია,აბულაძე,70,ბათუმი,მპგ“ერთიანი ნაციონალური მოძრაობა“,nacionalebi_sia_2016.pdf,1,7f8276ffd69cd75a8dd4084c7238dd516732eb90eb255871b44890ccdb75fdd7
unm,მ.პ..გ „ერთიანი ნაციონალური მოძრაობა“,4,გიორგი დიასამიძე,გიორგი,დიასამიძე,,,მპგ“ერთიანი ნაციონალური მოძრაობა“,nacionalebi_sia_2016.pdf,1,7f8276ffd69cd75a8dd4084c7238dd516732eb90eb255871b44890ccdb75fdd7
unm,მ.პ..გ „ერთიანი ნაციონალური მოძრაობა“,5,ელგუჯა ბაგრატიონი,ელგუჯა,ბაგრატიონი,68,ბათუმი,მპგ“ერთიანი ნაციონალური მოძრაობა“,nacionalebi_sia_2016.pdf,1,7f8276ffd69cd75a8dd4084c7238dd516732eb90eb255871b44890ccdb75fdd7
unm,მ.პ..გ „ერთიანი ნაციონალური მოძრაობა“,6,ასმათ დიასამიძე,ასმათ,დიასამიძე,,,უპარტიო,nacionalebi_sia_2016.pdf,1,7f8276ffd69cd75a8dd4084c7238dd516732eb90eb255871b44890ccdb75fdd7
unm,მ.პ..გ „ერთიანი ნაციონალური მოძრაობა“,7,ნინო ჯინჭარაძე,ნინო,ჯინჭარაძე,69,ბათუმი,მპგ“ერთიანი ნაციონალური მოძრაობა“,nacionalebi_sia_2016.pdf,1,7f8276ffd69cd75a8dd4084c7238dd516732eb90eb255871b44890ccdb75fdd7
unm,მ.პ..გ „ერთიანი ნაციონალური მოძრაობა“,8,ლაშა კილაბერია,ლაშა,კილაბერია,,,მპგ“ერთიანი ნაციონალური მოძრაობა“,nacionalebi_sia_2016.pdf,1,7f8276ffd69cd75a8dd4084c7238dd516732eb90eb255871b44890ccdb75fdd7
unm,მ.პ..გ „ერთიანი ნაციონალური მოძრაობა“,9,ქენან კახიძე,ქენან,კახიძე,72,ხელვაჩაური,მპგ“ერთიანი ნაციონალური მოძრაობა“,nacionalebi_sia_2016.pdf,1,7f8276ffd69cd75a8dd4084c7238dd516732eb90eb255871b44890ccdb75fdd7
unm,მ.პ..გ „ერთიანი ნაციონალური მოძრაობა“,10,პაატა აცინბა,პაატა,აცინბა,,,მპგ“ერთიანი ნაციონალური მოძრაობა“,nacionalebi_sia_2016.pdf,1,7f8276ffd69cd75a8dd4084c7238dd516732eb90eb255871b44890ccdb75fdd7
unm,მ.პ..გ „ერთიანი ნაციონალური მოძრაობა“,11,ნუგზარი ამაღლობელი,ნუგზარი,ამაღლობელი,73,ხულო,მპგ“ერთიანი ნაციონალური მოძრაობა“,nacionalebi_sia_2016.pdf,1,7f8276ffd69cd75a8dd4084c7238dd516732eb90eb255871b44890ccdb75fdd7
unm,მ.პ..გ „ერთიანი ნაციონალური მოძრაობა“,12,რაულ თავართქილაძე,რაულ,თავართქილაძე,,,მპგ“ერთიანი ნაციონალური მოძრაობა“,nacionalebi_sia_2016.pdf,1,7f8276ffd69cd75a8dd4084c7238dd516732eb90eb255871b44890ccdb75fdd7
unm,მ.პ..გ „ერთიანი ნაციონალური მოძრაობა“,13,მამული სურმანიძე,მამული,სურმანიძე,71,ქობულეთი,მპგ“ერთიანი ნაციონალური მოძრაობა“,nacionalebi_sia_2016.pdf,1,7f8276ffd69cd75a8dd4084c7238dd516732eb90eb255871b44890ccdb75fdd7
unm,მ.პ..გ „ერთიანი ნაციონალური მოძრაობა“,14,რევაზ ხარაზი,რევაზ,ხარაზი,,,მპგ“ერთიანი ნაციონალური მოძრაობა“,nacionalebi_sia_2016.pdf,1,7f8276ffd69cd75a8dd4084c7238dd516732eb90eb255871b44890ccdb75fdd7
unm,მ.პ..გ „ერთიანი ნაციონალური მოძრაობა“,15,გელა დეკანაძე,გელა,დეკანაძე,,,მპგ“ერთიანი ნაციონალური მოძრაობა“,nacionalebi_sia_2016.pdf,1,7f8276ffd69cd75a8dd4084c7238dd516732eb90eb255871b44890ccdb75fdd7
unm,მ.პ..გ „ერთიანი ნაციონალური მოძრაობა“,16,ზაურ დავითაძე,ზაურ,დავითაძე,,,მპგ“ერთიანი ნაციონალური მოძრაობა“,nacionalebi_sia_2016.pdf,1,7f8276ffd69cd75a8dd4084c7238dd516732eb90eb255871b44890ccdb75fdd7
unm,მ.პ..გ „ერთიანი ნაციონალური მოძრაობა“,17,ირაკლი მექვაბიშვილი,ირაკლი,მექვაბიშვილი,,,მპგ“ერთიანი ნაციონალური მოძრაობა“,nacionalebi_sia_2016.pdf,1,7f8276ffd69cd75a8dd4084c7238dd516732eb90eb255871b44890ccdb75fdd7
unm,მ.პ..გ „ერთიანი ნაციონალური მოძრაობა“,18,ლია ჯაყელი,ლია,ჯაყელი,,,მპგ“ერთიანი ნაციონალური მოძრაობა“,nacionalebi_sia_2016.pdf,1,7f8276ffd69cd75a8dd4084c7238dd516732eb90eb255871b44890ccdb75fdd7
unm,მ.პ..გ „ერთიანი ნაციონალური მოძრაობა“,19,ნატო ნაცარაშვილი,ნატო,ნაცარაშვილი,,,მპგ“ერთიანი ნაციონალური მოძრაობა“,nacionalebi_sia_2016.pdf,2,7f8276ffd69cd75a8dd4084c7238dd516732eb90eb255871b44890ccdb75fdd7
unm,მ.პ..გ „ერთიანი ნაციონალური მოძრაობა“,20,ლელა ვერულიძე,ლელა,ვერულიძე,,,მპგ“ერთიანი ნაციონალური მოძრაობა“,nacionalebi_sia_2016.pdf,2,7f8276ffd69cd75a8dd4084c7238dd516732eb90eb255871b44890ccdb75fdd7
unm,მ.პ..გ „ერთიანი ნაციონალური მოძრაობა“,21,ზვიად თურმანიძე,ზვიად,თურმანიძე,,,მპგ“ერთიანი ნაციონალური მოძრაობა“,nacionalebi_sia_2016.pdf,2,7f8276ffd69cd75a8dd4084c7238dd516732eb90eb255871b44890ccdb75fdd7
unm,მ.პ..გ „ერთიანი ნაციონალური მოძრაობა“,22,ბაქარ ბარამიძე,ბაქარ,ბარამიძე,,,მპგ“ერთიანი ნაციონალური მოძრაობა“,nacionalebi_sia_2016.pdf,2,7f8276ffd69cd75a8dd4084c7238dd516732eb90eb255871b44890ccdb75fdd7
unm,მ.პ..გ „ერთიანი ნაციონალური მოძრაობა“,23,მურად გორგაძე,მურად,გორგაძე,,,მპგ“ერთიანი ნაციონალური მოძრაობა“,nacionalebi_sia_2016.pdf,2,7f8276ffd69cd75a8dd4084c7238dd516732eb90eb255871b44890ccdb75fdd7
unm,მ.პ..გ „ერთიანი ნაციონალური მოძრაობა“,24,ოლეგ ბროლაძე,ოლეგ,ბროლაძე,,,მპგ“ერთიანი ნაციონალური მოძრაობა“,nacionalebi_sia_2016.pdf,2,7f8276ffd69cd75a8dd4084c7238dd516732eb90eb255871b44890ccdb75fdd7
unm,მ.პ..გ „ერთიანი ნაციონალური მოძრაობა“,25,შორენა ცინცაძე,შორენა,ცინცაძე,,,მპგ“ერთიანი ნაციონალური მოძრაობა“,nacionalebi_sia_2016.pdf,2,7f8276ffd69cd75a8dd4084c7238dd516732eb90eb255871b44890ccdb75fdd7
unm,მ.პ..გ „ერთიანი ნაციონალური მოძრაობა“,26,ლეონ თედორაძე,ლეონ,თედორაძე,,,მპგ“ერთიანი ნაციონალური მოძრაობა“,nacionalebi_sia_2016.pdf,2,7f8276ffd69cd75a8dd4084c7238dd516732eb90eb255871b44890ccdb75fdd7
unm,მ.პ..გ „ერთიანი ნაციონალური მოძრაობა“,27,მამუკა ქობულაძე,მამუკა,ქობულაძე,,,მპგ“ერთიანი ნაციონალური მოძრაობა“,nacionalebi_sia_2016.pdf,2,7f8276ffd69cd75a8dd4084c7238dd516732eb90eb255871b44890ccdb75fdd7
unm,მ.პ..გ „ერთიანი ნაციონალური მოძრაობა“,28,ლიანა აბულაძე,ლიანა,აბულაძე,,,მპგ“ერთიანი ნაციონალური მოძრაობა“,nacionalebi_sia_2016.pdf,2,7f8276ffd69cd75a8dd4084c7238dd516732eb90eb255871b44890ccdb75fdd7
unm,მ.პ..გ „ერთიანი ნაციონალური მოძრაობა“,29,ზურაბ მჟავანაძე,ზურაბ,მჟავანაძე,,,მპგ“ერთიანი ნაციონალური მოძრაობა“,nacionalebi_sia_2016.pdf,2,7f8276ffd69cd75a8dd4084c7238dd516732eb90eb255871b44890ccdb75fdd7
unm,მ.პ..გ „ერთიანი ნაციონალური მოძრაობა“,30,ლეილა ტარიელაძე,ლეილა,ტარიელაძე,,,მპგ“ერთიანი ნაციონალური მოძრაობა“,nacionalebi_sia_2016.pdf,2,7f8276ffd69cd75a8dd4084c7238dd516732eb90eb255871b44890ccdb75fdd7
unm,მ.პ..გ „ერთიანი ნაციონალური მოძრაობა“,31,რამინ გორგაძე,რამინ,გორგაძე,,,მპგ“ერთიანი ნაციონალური მოძრაობა“,nacionalebi_sia_2016.pdf,2,7f8276ffd69cd75a8dd4084c7238dd516732eb90eb255871b44890ccdb75fdd7
unm,მ.პ..გ „ერთიანი ნაციონალური მოძრაობა“,32,რუსუდან ბასილაძე,რუსუდან,ბასილაძე,,,მპგ“ერთიანი ნაციონალური მოძრაობა“,nacionalebi_sia_2016.pdf,2,7f8276ffd69cd75a8dd4084c7238dd516732eb90eb255871b44890ccdb75fdd7
unm,მ.პ..გ „ერთიანი ნაციონალური მოძრაობა“,33,ავთანდილ მახარაძე,ავთანდილ,მახარაძე,,,მპგ“ერთიანი ნაციონალური მოძრაობა“,nacionalebi_sia_2016.pdf,2,7f8276ffd69cd75a8dd4084c7238dd516732eb90eb255871b44890ccdb75fdd7
unm,მ.პ..გ „ერთიანი ნაციონალური მოძრაობა“,34,იზოლდა ბარამიძე,იზოლდა,ბარამიძე,,,მპგ“ერთიანი ნაციონალური მოძრაობა“,nacionalebi_sia_2016.pdf,2,7f8276ffd69cd75a8dd4084c7238dd516732eb90eb255871b44890ccdb75fdd7
unm,მ.პ..გ „ერთიანი ნაციონალური მოძრაობა“,35,ზაურ კომახიძე,ზაურ,კომახიძე,,,მპგ“ერთიანი ნაციონალური მოძრაობა“,nacionalebi_sia_2016.pdf,2,7f8276ffd69cd75a8dd4084c7238dd516732eb90eb255871b44890ccdb75fdd7
burchuladze,პაატა ბურჭულაძე - სახელმწიფო ხალხისთვის,1,გიორგი კალაძე,გიორგი,კალაძე,,,პ/გ „მოძრაობა სახელმწიფო ხალხისთვის“,burchuladze_sia_2016.pdf,1,2593e4279b435854a72efd2f87867f8b26c41c8b0807b864952b66c86d683038
burchuladze,პაატა ბურჭულაძე - სახელმწიფო ხალხისთვის,2,მალხაზ ნაკაშიძე,მალხაზ,ნაკაშიძე,69,ბათუმი,პ/გ „სამოქალაქო პლატფორმა-ახალი საქართველო“,burchuladze_sia_2016.pdf,1,2593e4279b435854a72efd2f87867f8b26c41c8b0807b864952b66c86d683038
burchuladze,პაატა ბურჭულაძე - სახელმწიფო ხალხისთვის,3,რაულ ფატლაძე,რაულ,ფატლაძე,,,პ/გ „მოძრაობა სახელმწიფო ხალხისთვის“,burchuladze_sia_2016.pdf,1,2593e4279b435854a72efd2f87867f8b26c41c8b0807b864952b66c86d683038
burchuladze,პაატა ბურჭულაძე - სახელმწიფო ხალხისთვის,4,რობერტი ფუტკარაძე,რობერტი,ფუტკარაძე,,,პ/გ „სამოქალაქო პლატფორმა-ახალი საქართველო“,burchuladze_sia_2016.pdf,1,2593e4279b435854a72efd2f87867f8b26c41c8b0807b864952b66c86d683038
burchuladze,პაატა ბურჭულაძე - სახელმწიფო ხალხისთვის,5,ვახტანგ მიქაშავიძე,ვახტანგ,მიქაშავიძე,,,პ/გ „მოძრაობა სახელმწიფო ხალხისთვის“,burchuladze_sia_2016.pdf,1,2593e4279b435854a72efd2f87867f8b26c41c8b0807b864952b66c86d683038
burchuladze,პაატა ბურჭულაძე - სახელმწიფო ხალხისთვის,6,კახაბერ სირაბიძე,კახაბერ,სირაბიძე,,,პ/გ „სამოქალაქო პლატფორმა-ახალი საქართველო“,burchuladze_sia_2016.pdf,1,2593e4279b435854a72efd2f87867f8b26c41c8b0807b864952b66c86d683038
burchuladze,პაატა ბურჭულაძე - სახელმწიფო ხალხისთვის,7,შერიფ ქიქავა,შერიფ,ქიქავა,,,პ/გ „მოძრაობა სახელმწიფო ხალხისთვის“,burchuladze_sia_2016.pdf,1,2593e4279b435854a72efd2f87867f8b26c41c8b0807b864952b66c86d683038
burchuladze,პაატა ბურჭულაძე - სახელმწიფო ხალხისთვის,8,მალხაზ კალანდაძე,მალხაზ,კალანდაძე,,,პ/გ „მოძრაობა სახელმწიფო ხალხისთვის“,burchuladze_sia_2016.pdf,1,2593e4279b435854a72efd2f87867f8b26c41c8b0807b864952b66c86d683038
burchuladze,პაატა ბურჭულაძე - სახელმწიფო ხალხისთვის,9,თამარ ხოზრევანიძე,თამარ,ხოზრევანიძე,,,პ/გ „ახალი პოლიტიკური ცენტრი - გირჩი“,burchuladze_sia_2016.pdf,1,2593e4279b435854a72efd2f87867f8b26c41c8b0807b864952b66c86d683038
burchuladze,პაატა ბურჭულაძე - სახელმწიფო ხალხისთვის,10,დავით მანელიშვილი,დავით,მანელიშვილი,71,ქობულეთი,პ/გ „ახალი პოლიტიკური ცენტრი - გირჩი“,burchuladze_sia_2016.pdf,1,2593e4279b435854a72efd2f87867f8b26c41c8b0807b864952b66c86d683038
burchuladze,პაატა ბურჭულაძე - სახელმწიფო ხალხისთვის,11,დავით გათენაძე,დავით,გათენაძე,73,ხულო,პ/გ „მოძრაობა სახელმწიფო ხალხისთვის“,burchuladze_sia_2016.pdf,1,2593e4279b435854a72efd2f87867f8b26c41c8b0807b864952b66c86d683038
burchuladze,პაატა ბურჭულაძე - სახელმწიფო ხალხისთვის,12,ოთარ მამარდაშვილი,ოთარ,მამარდაშვილი,,,პ/გ „სამოქალაქო პლატფორმა-ახალი საქართველო“,burchuladze_sia_2016.pdf,1,2593e4279b435854a72efd2f87867f8b26c41c8b0807b864952b66c86d683038
burchuladze,პაატა ბურჭულაძე - სახელმწიფო ხალხისთვის,13,ბექა დიასამიძე,ბექა,დიასამიძე,70,ბათუმი,პ/გ „სამოქალაქო პლატფორმა-ახალი საქართველო“,burchuladze_sia_2016.pdf,1,2593e4279b435854a72efd2f87867f8b26c41c8b0807b864952b66c86d683038
burchuladze,პაატა ბურჭულაძე - სახელმწიფო ხალხისთვის,14,გივი ცინცაძე,გივი,ცინცაძე,,,პ/გ „სამოქალაქო პლატფორმა-ახალი საქართველო“,burchuladze_sia_2016.pdf,1,2593e4279b435854a72efd2f87867f8b26c41c8b0807b864952b66c86d683038
burchuladze,პაატა ბურჭულაძე - სახელმწიფო ხალხისთვის,15,გურანდა კონცელიძე,გურანდა,კონცელიძე,,,პ/გ „მოძრაობა სახელმწიფო ხალხისთვის“,burchuladze_sia_2016.pdf,1,2593e4279b435854a72efd2f87867f8b26c41c8b0807b864952b66c86d683038
burchuladze,პაატა ბურჭულაძე - სახელმწიფო ხალხისთვის,16,თამარ ჯანელიძე,თამარ,ჯანელიძე,,,პ/გ „სამოქალაქო პლატფორმა-ახალი საქართველო“,burchuladze_sia_2016.pdf,1,2593e4279b435854a72efd2f87867f8b26c41c8b0807b864952b66c86d683038
burchuladze,პაატა ბურჭულაძე - სახელმწიფო ხალხისთვის,17,გოჩა დევაძე,გოჩა,დევაძე,,,პ/გ „მოძრაობა სახელმწიფო ხალხისთვის“,burchuladze_sia_2016.pdf,1,2593e4279b435854a72efd2f87867f8b26c41c8b0807b864952b66c86d683038
burchuladze,პაატა ბურჭულაძე - სახელმწიფო ხალხისთვის,18,გურამ მამფორია,გურამ,მამფორია,,,პ/გ „სამოქალაქო პლატფორმა-ახალი საქართველო“,burchuladze_sia_2016.pdf,1,2593e4279b435854a72efd2f87867f8b26c41c8b0807b864952b66c86d683038
burchuladze,პაატა ბურჭულაძე - სახელმწიფო ხალხისთვის,19,ჯონი გუბელაძე,ჯონი,გუბელაძე,,,პ/გ „მოძრაობა სახელმწიფო ხალხისთვის“,burchuladze_sia_2016.pdf,2,2593e4279b435854a72efd2f87867f8b26c41c8b0807b864952b66c86d683038
burchuladze,პაატა ბურჭულაძე - სახელმწიფო ხალხისთვის,20,ზვიად ბოლქვაძე,ზვიად,ბოლქვაძე,68,ბათუმი,პ/გ „მოძრაობა სახელმწიფო ხალხისთვის“,burchuladze_sia_2016.pdf,2,2593e4279b435854a72efd2f87867f8b26c41c8b0807b864952b66c86d683038
burchuladze,პაატა ბურჭულაძე - სახელმწიფო ხალხისთვის,21,ნინო ბერაძე,ნინო,ბერაძე,,,პ/გ „მოძრაობა სახელმწიფო ხალხისთვის“,burchuladze_sia_2016.pdf,2,2593e4279b435854a72efd2f87867f8b26c41c8b0807b864952b66c86d683038
burchuladze,პაატა ბურჭულაძე - სახელმწიფო ხალხისთვის,22,გენადი მალაყმაძე,გენადი,მალაყმაძე,,,პ/გ „მოძრაობა სახელმწიფო ხალხისთვის“,burchuladze_sia_2016.pdf,2,2593e4279b435854a72efd2f87867f8b26c41c8b0807b864952b66c86d683038
burchuladze,პაატა ბურჭულაძე - სახელმწიფო ხალხისთვის,23,მინდია ჟღენტი,მინდია,ჟღენტი,,,პ/გ „მოძრაობა სახელმწიფო ხალხისთვის“,burchuladze_sia_2016.pdf,2,2593e4279b435854a72efd2f87867f8b26c41c8b0807b864952b66c86d683038
burchuladze,პაატა ბურჭულაძე - სახელმწიფო ხალხისთვის,24,თემურ ჯურმუშაძე,თემურ,ჯურმუშაძე,,,პ/გ „მოძრაობა სახელმწიფო ხალხისთვის“,burchuladze_sia_2016.pdf,2,2593e4279b435854a72efd2f87867f8b26c41c8b0807b864952b66c86d683038
burchuladze,პაატა ბურჭულაძე - სახელმწიფო ხალხისთვის,25,ვასილ ჯინჭველეიშვილი,ვასილ,ჯინჭველეიშვილი,,,პ/გ „მოძრაობა სახელმწიფო ხალხისთვის“,burchuladze_sia_2016.pdf,2,2593e4279b435854a72efd2f87867f8b26c41c8b0807b864952b66c86d683038
burchuladze,პაატა ბურჭულაძე - სახელმწიფო ხალხისთვის,26,ზაზა სურმანიძე,ზაზა,სურმანიძე,,,პ/გ „მოძრაობა სახელმწიფო ხალხისთვის“,burchuladze_sia_2016.pdf,2,2593e4279b435854a72efd2f87867f8b26c41c8b0807b864952b66c86d683038
burchuladze,პაატა ბურჭულაძე - სახელმწიფო ხალხისთვის,27,მინდია გურგენაძე,მინდია,გურგენაძე,,,პ/გ „მოძრაობა სახელმწიფო ხალხისთვის“,burchuladze_sia_2016.pdf,2,2593e4279b435854a72efd2f87867f8b26c41c8b0807b864952b66c86d683038
burchuladze,პაატა ბურჭულაძე - სახელმწიფო ხალხისთვის,28,მიხეილ ნაკაშიძე,მიხეილ,ნაკაშიძე,,,პ/გ „მოძრაობა სახელმწიფო ხალხისთვის“,burchuladze_sia_2016.pdf,2,2593e4279b435854a72efd2f87867f8b26c41c8b0807b864952b66c86d683038
burjanadze_democratic,საარჩევნო ბლოკი - „ნინო ბურჯანაძე - დემოკრატიული მოძრაობა“,1,გიორგი ცინცქილაძე,გიორგი,ცინცქილაძე,,,"დემოკრატიული მოძრაობა, ერთიანი საქართველო",burjanadze_sia_2016.pdf,1,5acbffe0a86994ba16c9ad7e85d88786de39d0b7001bd9a9c33d353b0b5b84e6
burjanadze_democratic,საარჩევნო ბლოკი - „ნინო ბურჯანაძე - დემოკრატიული მოძრაობა“,2,დიმიტრი ჭეიშვილი,დიმიტრი,ჭეიშვილი,69,ბათუმი,"დემოკრატიული მოძრაობა, ერთიანი საქართველო",burjanadze_sia_2016.pdf,1,5acbffe0a86994ba16c9ad7e85d88786de39d0b7001bd9a9c33d353b0b5b84e6
burjanadze_democratic,საარჩევნო ბლოკი - „ნინო ბურჯანაძე - დემოკრატიული მოძრაობა“,3,გიორგი მახარაშვილი,გიორგი,მახარაშვილი,,,"დემოკრატიული მოძრაობა, ერთიანი საქართველო",burjanadze_sia_2016.pdf,1,5acbffe0a86994ba16c9ad7e85d88786de39d0b7001bd9a9c33d353b0b5b84e6
burjanadze_democratic,საარჩევნო ბლოკი - „ნინო ბურჯანაძე - დემოკრატიული მოძრაობა“,4,ლიანა თაფლაძე,ლიანა,თაფლაძე,,,უპარტიო,burjanadze_sia_2016.pdf,1,5acbffe0a86994ba16c9ad7e85d88786de39d0b7001bd9a9c33d353b0b5b84e6
burjanadze_democratic,საარჩევნო ბლოკი - „ნინო ბურჯანაძე - დემოკრატიული მოძრაობა“,5,ხვიჩა გამარჯობაძე,ხვიჩა,გამარჯობაძე,71,ქობულეთი,გაერთიანებული დემოკრატიული მოძრაობა,burjanadze_sia_2016.pdf,1,5acbffe0a86994ba16c9ad7e85d88786de39d0b7001bd9a9c33d353b0b5b84e6
burjanadze_democratic,საარჩევნო ბლოკი - „ნინო ბურჯანაძე - დემოკრატიული მოძრაობა“,6,დალი მახარაძე,დალი,მახარაძე,,,გაერთიანებული დემოკრატიული მოძრაობა,burjanadze_sia_2016.pdf,1,5acbffe0a86994ba16c9ad7e85d88786de39d0b7001bd9a9c33d353b0b5b84e6
burjanadze_democratic,საარჩევნო ბლოკი - „ნინო ბურჯანაძე - დემოკრატიული მოძრაობა“,7,გიორგი დუმბაძე,გიორგი,დუმბაძე,,,გაერთიანებული დემოკრატიული მოძრაობა,burjanadze_sia_2016.pdf,1,5acbffe0a86994ba16c9ad7e85d88786de39d0b7001bd9a9c33d353b0b5b84e6
burjanadze_democratic,საარჩევნო ბლოკი - „ნინო ბურჯანაძე - დემოკრატიული მოძრაობა“,8,შუქრი ბრუნჯაძე,შუქრი,ბრუნჯაძე,72,ხელვაჩაური,"დემოკრატიული მოძრაობა, ერთიანი საქართველო",burjanadze_sia_2016.pdf,1,5acbffe0a86994ba16c9ad7e85d88786de39d0b7001bd9a9c33d353b0b5b84e6
burjanadze_democratic,საარჩევნო ბლოკი - „ნინო ბურჯანაძე - დემოკრატიული მოძრაობა“,9,ლია კუნჭულია,ლია,კუნჭულია,,,გაერთიანებული დემოკრატიული მოძრაობა,burjanadze_sia_2016.pdf,1,5acbffe0a86994ba16c9ad7e85d88786de39d0b7001bd9a9c33d353b0b5b84e6
burjanadze_democratic,საარჩევნო ბლოკი - „ნინო ბურჯანაძე - დემოკრატიული მოძრაობა“,10,მინდია რიჟვაძე,მინდია,რიჟვაძე,,,"დემოკრატიული მოძრაობა, ერთიანი საქართველო",burjanadze_sia_2016.pdf,1,5acbffe0a86994ba16c9ad7e85d88786de39d0b7001bd9a9c33d353b0b5b84e6
burjanadze_democratic,საარჩევნო ბლოკი - „ნინო ბურჯანაძე - დემოკრატიული მოძრაობა“,11,ლევან ჯინჭარაძე,ლევან,ჯინჭარაძე,68,ბათუმი,გაერთიანებული დემოკრატიული მოძრაობა,burjanadze_sia_2016.pdf,1,5acbffe0a86994ba16c9ad7e85d88786de39d0b7001bd9a9c33d353b0b5b84e6
burjanadze_democratic,საარჩევნო ბლოკი - „ნინო ბურჯანაძე - დემოკრატიული მოძრაობა“,12,ნინო ცინცქილაძე,ნინო,ცინცქილაძე,,,"დემოკრატიული მოძრაობა, ერთიანი საქართველო",burjanadze_sia_2016.pdf,1,5acbffe0a86994ba16c9ad7e85d88786de39d0b7001bd9a9c33d353b0b5b84e6
burjanadze_democratic,საარჩევნო ბლოკი - „ნინო ბურჯანაძე - დემოკრატიული მოძრაობა“,13,ზურაბი ტუნაძე,ზურაბი,ტუნაძე,,,გაერთიანებული დემოკრატიული მოძრაობა,burjanadze_sia_2016.pdf,1,5acbffe0a86994ba16c9ad7e85d88786de39d0b7001bd9a9c33d353b0b5b84e6
burjanadze_democratic,საარჩევნო ბლოკი - „ნინო ბურჯანაძე - დემოკრატიული მოძრაობა“,14,ზურაბ გუგუნავა,ზურაბ,გუგუნავა,,,"დემოკრატიული მოძრაობა, ერთიანი საქართველო",burjanadze_sia_2016.pdf,1,5acbffe0a86994ba16c9ad7e85d88786de39d0b7001bd9a9c33d353b0b5b84e6
burjanadze_democratic,საარჩევნო ბლოკი - „ნინო ბურჯანაძე - დემოკრატიული მოძრაობა“,15,შაქრო პაპიძე,შაქრო,პაპიძე,70,ბათუმი,გაერთიანებული დემოკრატიული მოძრაობა,burjanadze_sia_2016.pdf,1,5acbffe0a86994ba16c9ad7e85d88786de39d0b7001bd9a9c33d353b0b5b84e6
burjanadze_democratic,საარჩევნო ბლოკი - „ნინო ბურჯანაძე - დემოკრატიული მოძრაობა“,16,თინათინ აფხაზავა,თინათინ,აფხაზავა,,,"დემოკრატიული მოძრაობა, ერთიანი საქართველო",burjanadze_sia_2016.pdf,1,5acbffe0a86994ba16c9ad7e85d88786de39d0b7001bd9a9c33d353b0b5b84e6
burjanadze_democratic,საარჩევნო ბლოკი - „ნინო ბურჯანაძე - დემოკრატიული მოძრაობა“,17,ბესიკ ჩაზმავა,ბესიკ,ჩაზმავა,,,გაერთიანებული დემოკრატიული მოძრაობა,burjanadze_sia_2016.pdf,1,5acbffe0a86994ba16c9ad7e85d88786de39d0b7001bd9a9c33d353b0b5b84e6
burjanadze_democratic,საარჩევნო ბლოკი - „ნინო ბურჯანაძე - დემოკრატიული მოძრაობა“,18,ალექსანდრე პეტროსიანი,ალექსანდრე,პეტროსიანი,,,"დემოკრატიული მოძრაობა, ერთიანი საქართველო",burjanadze_sia_2016.pdf,1,5acbffe0a86994ba16c9ad7e85d88786de39d0b7001bd9a9c33d353b0b5b84e6
burjanadze_democratic,საარჩევნო ბლოკი - „ნინო ბურჯანაძე - დემოკრატიული მოძრაობა“,19,ინგა ხალვაში,ინგა,ხალვაში,,,გაერთიანებული დემოკრატიული მოძრაობა,burjanadze_sia_2016.pdf,2,5acbffe0a86994ba16c9ad7e85d88786de39d0b7001bd9a9c33d353b0b5b84e6
burjanadze_democratic,საარჩევნო ბლოკი - „ნინო ბურჯანაძე - დემოკრატიული მოძრაობა“,20,რამინ ზოიძე,რამინ,ზოიძე,,,"დემოკრატიული მოძრაობა, ერთიანი საქართველო",burjanadze_sia_2016.pdf,2,5acbffe0a86994ba16c9ad7e85d88786de39d0b7001bd9a9c33d353b0b5b84e6
burjanadze_democratic,საარჩევნო ბლოკი - „ნინო ბურჯანაძე - დემოკრატიული მოძრაობა“,21,ნანული ბულეიშვილი,ნანული,ბულეიშვილი,,,გაერთიანებული დემოკრატიული მოძრაობა,burjanadze_sia_2016.pdf,2,5acbffe0a86994ba16c9ad7e85d88786de39d0b7001bd9a9c33d353b0b5b84e6
burjanadze_democratic,საარჩევნო ბლოკი - „ნინო ბურჯანაძე - დემოკრატიული მოძრაობა“,22,ირაკლი ქავთარაძე,ირაკლი,ქავთარაძე,,,"დემოკრატიული მოძრაობა, ერთიანი საქართველო",burjanadze_sia_2016.pdf,2,5acbffe0a86994ba16c9ad7e85d88786de39d0b7001bd9a9c33d353b0b5b84e6
burjanadze_democratic,საარჩევნო ბლოკი - „ნინო ბურჯანაძე - დემოკრატიული მოძრაობა“,23,მაია ღლონტი,მაია,ღლონტი,,,გაერთიანებული დემოკრატიული მოძრაობა,burjanadze_sia_2016.pdf,2,5acbffe0a86994ba16c9ad7e85d88786de39d0b7001bd9a9c33d353b0b5b84e6
burjanadze_democratic,საარჩევნო ბლოკი - „ნინო ბურჯანაძე - დემოკრატიული მოძრაობა“,24,ჯუმბერ ზაქარაძე,ჯუმბერ,ზაქარაძე,,,"დემოკრატიული მოძრაობა, ერთიანი საქართველო",burjanadze_sia_2016.pdf,2,5acbffe0a86994ba16c9ad7e85d88786de39d0b7001bd9a9c33d353b0b5b84e6
burjanadze_democratic,საარჩევნო ბლოკი - „ნინო ბურჯანაძე - დემოკრატიული მოძრაობა“,25,ვაჟა ცინცქილაძე,ვაჟა,ცინცქილაძე,,,გაერთიანებული დემოკრატიული მოძრაობა,burjanadze_sia_2016.pdf,2,5acbffe0a86994ba16c9ad7e85d88786de39d0b7001bd9a9c33d353b0b5b84e6
burjanadze_democratic,საარჩევნო ბლოკი - „ნინო ბურჯანაძე - დემოკრატიული მოძრაობა“,26,მურმან დავითაძე,მურმან,დავითაძე,,,"დემოკრატიული მოძრაობა, ერთიანი საქართველო",burjanadze_sia_2016.pdf,2,5acbffe0a86994ba16c9ad7e85d88786de39d0b7001bd9a9c33d353b0b5b84e6
burjanadze_democratic,საარჩევნო ბლოკი - „ნინო ბურჯანაძე - დემოკრატიული მოძრაობა“,27,ემზარ სურმანიძე,ემზარ,სურმანიძე,,,გაერთიანებული დემოკრატიული მოძრაობა,burjanadze_sia_2016.pdf,2,5acbffe0a86994ba16c9ad7e85d88786de39d0b7001bd9a9c33d353b0b5b84e6
burjanadze_democratic,საარჩევნო ბლოკი - „ნინო ბურჯანაძე - დემოკრატიული მოძრაობა“,28,თამაზი ნიკოლაიშვილი,თამაზი,ნიკოლაიშვილი,,,"დემოკრატიული მოძრაობა, ერთიანი საქართველო",burjanadze_sia_2016.pdf,2,5acbffe0a86994ba16c9ad7e85d88786de39d0b7001bd9a9c33d353b0b5b84e6
burjanadze_democratic,საარჩევნო ბლოკი - „ნინო ბურჯანაძე - დემოკრატიული მოძრაობა“,29,ირინე სურმანიძე,ირინე,სურმანიძე,,,გაერთიანებული დემოკრატიული მოძრაობა,burjanadze_sia_2016.pdf,2,5acbffe0a86994ba16c9ad7e85d88786de39d0b7001bd9a9c33d353b0b5b84e6
burjanadze_democratic,საარჩევნო ბლოკი - „ნინო ბურჯანაძე - დემოკრატიული მოძრაობა“,30,დავით ფაღავა,დავით,ფაღავა,,,"დემოკრატიული მოძრაობა, ერთიანი საქართველო",burjanadze_sia_2016.pdf,2,5acbffe0a86994ba16c9ad7e85d88786de39d0b7001bd9a9c33d353b0b5b84e6
burjanadze_democratic,საარჩევნო ბლოკი - „ნინო ბურჯანაძე - დემოკრატიული მოძრაობა“,31,ხუსეინ კობალაძე,ხუსეინ,კობალაძე,,,გაერთიანებული დემოკრატიული მოძრაობა,burjanadze_sia_2016.pdf,2,5acbffe0a86994ba16c9ad7e85d88786de39d0b7001bd9a9c33d353b0b5b84e6
burjanadze_democratic,საარჩევნო ბლოკი - „ნინო ბურჯანაძე - დემოკრატიული მოძრაობა“,32,მანანა მეგრელიძე,მანანა,მეგრელიძე,,,"დემოკრატიული მოძრაობა, ერთიანი საქართველო",burjanadze_sia_2016.pdf,2,5acbffe0a86994ba16c9ad7e85d88786de39d0b7001bd9a9c33d353b0b5b84e6
burjanadze_democratic,საარჩევნო ბლოკი - „ნინო ბურჯანაძე - დემოკრატიული მოძრაობა“,33,ირაკლი ნიკოლაიშვილი,ირაკლი,ნიკოლაიშვილი,,,გაერთიანებული დემოკრატიული მოძრაობა,burjanadze_sia_2016.pdf,2,5acbffe0a86994ba16c9ad7e85d88786de39d0b7001bd9a9c33d353b0b5b84e6
burjanadze_democratic,საარჩევნო ბლოკი - „ნინო ბურჯანაძე - დემოკრატიული მოძრაობა“,34,კონსტანტინე ღლონტი,კონსტანტინე,ღლონტი,,,"დემოკრატიული მოძრაობა, ერთიანი საქართველო",burjanadze_sia_2016.pdf,2,5acbffe0a86994ba16c9ad7e85d88786de39d0b7001bd9a9c33d353b0b5b84e6
burjanadze_democratic,საარჩევნო ბლოკი - „ნინო ბურჯანაძე - დემოკრატიული მოძრაობა“,35,მაყვალა დევაძე,მაყვალა,დევაძე,,,გაერთიანებული დემოკრატიული მოძრაობა,burjanadze_sia_2016.pdf,2,5acbffe0a86994ba16c9ad7e85d88786de39d0b7001bd9a9c33d353b0b5b84e6
united_communist_2016,საქართველოს ერთიანი კომუნისტური პარტია,1,მერაბ სურმანიძე,მერაბ,სურმანიძე,,,საქართველოს ერთიანი კომუნისტური პარტია,komunistebi_sia_2016.pdf,1,ef9187236e809f5201fb4000d16bff3b07ad6cc27854c2fca918505939984af7
united_communist_2016,საქართველოს ერთიანი კომუნისტური პარტია,2,ლევან დავითაძე,ლევან,დავითაძე,,,საქართველოს ერთიანი კომუნისტური პარტია,komunistebi_sia_2016.pdf,1,ef9187236e809f5201fb4000d16bff3b07ad6cc27854c2fca918505939984af7
united_communist_2016,საქართველოს ერთიანი კომუნისტური პარტია,3,მიხეილ კეჟერაძე,მიხეილ,კეჟერაძე,,,საქართველოს ერთიანი კომუნისტური პარტია,komunistebi_sia_2016.pdf,1,ef9187236e809f5201fb4000d16bff3b07ad6cc27854c2fca918505939984af7
united_communist_2016,საქართველოს ერთიანი კომუნისტური პარტია,4,ნოდარ ჩამბა,ნოდარ,ჩამბა,,,საქართველოს ერთიანი კომუნისტური პარტია,komunistebi_sia_2016.pdf,1,ef9187236e809f5201fb4000d16bff3b07ad6cc27854c2fca918505939984af7
united_communist_2016,საქართველოს ერთიანი კომუნისტური პარტია,5,გივი მორთულაძე,გივი,მორთულაძე,,,საქართველოს ერთიანი კომუნისტური პარტია,komunistebi_sia_2016.pdf,1,ef9187236e809f5201fb4000d16bff3b07ad6cc27854c2fca918505939984af7
united_communist_2016,საქართველოს ერთიანი კომუნისტური პარტია,6,მზია დავითაძე,მზია,დავითაძე,,,საქართველოს ერთიანი კომუნისტური პარტია,komunistebi_sia_2016.pdf,1,ef9187236e809f5201fb4000d16bff3b07ad6cc27854c2fca918505939984af7
united_communist_2016,საქართველოს ერთიანი კომუნისტური პარტია,7,მიხეილ დუმბაძე,მიხეილ,დუმბაძე,,,უპარტიო,komunistebi_sia_2016.pdf,1,ef9187236e809f5201fb4000d16bff3b07ad6cc27854c2fca918505939984af7
united_communist_2016,საქართველოს ერთიანი კომუნისტური პარტია,8,გურამ ხიმშიაშვილი,გურამ,ხიმშიაშვილი,,,უპარტიო,komunistebi_sia_2016.pdf,1,ef9187236e809f5201fb4000d16bff3b07ad6cc27854c2fca918505939984af7
united_communist_2016,საქართველოს ერთიანი კომუნისტური პარტია,9,ასმათ ბოლქვაძე,ასმათ,ბოლქვაძე,,,უპარტიო,komunistebi_sia_2016.pdf,1,ef9187236e809f5201fb4000d16bff3b07ad6cc27854c2fca918505939984af7
united_communist_2016,საქართველოს ერთიანი კომუნისტური პარტია,10,მალხაზ მჟავანაძე,მალხაზ,მჟავანაძე,,,უპარტიო,komunistebi_sia_2016.pdf,1,ef9187236e809f5201fb4000d16bff3b07ad6cc27854c2fca918505939984af7
united_communist_2016,საქართველოს ერთიანი კომუნისტური პარტია,11,ღეზეთ ბერიძე,ღეზეთ,ბერიძე,,,უპარტიო,komunistebi_sia_2016.pdf,1,ef9187236e809f5201fb4000d16bff3b07ad6cc27854c2fca918505939984af7
united_communist_2016,საქართველოს ერთიანი კომუნისტური პარტია,12,ჯუმბერ მაკარაძე,ჯუმბერ,მაკარაძე,,,უპარტიო,komunistebi_sia_2016.pdf,1,ef9187236e809f5201fb4000d16bff3b07ad6cc27854c2fca918505939984af7
united_communist_2016,საქართველოს ერთიანი კომუნისტური პარტია,13,ქემალ ცეცხლაძე,ქემალ,ცეცხლაძე,,,საქართველოს ერთიანი კომუნისტური პარტია,komunistebi_sia_2016.pdf,1,ef9187236e809f5201fb4000d16bff3b07ad6cc27854c2fca918505939984af7
united_communist_2016,საქართველოს ერთიანი კომუნისტური პარტია,14,ეთერ საკანდელიძე,ეთერ,საკანდელიძე,,,უპარტიო,komunistebi_sia_2016.pdf,1,ef9187236e809f5201fb4000d16bff3b07ad6cc27854c2fca918505939984af7
united_communist_2016,საქართველოს ერთიანი კომუნისტური პარტია,15,ისაკ გათენაძე,ისაკ,გათენაძე,,,უპარტიო,komunistebi_sia_2016.pdf,1,ef9187236e809f5201fb4000d16bff3b07ad6cc27854c2fca918505939984af7
united_communist_2016,საქართველოს ერთიანი კომუნისტური პარტია,16,ნინო ზოიძე,ნინო,ზოიძე,,,უპარტიო,komunistebi_sia_2016.pdf,1,ef9187236e809f5201fb4000d16bff3b07ad6cc27854c2fca918505939984af7
united_communist_2016,საქართველოს ერთიანი კომუნისტური პარტია,17,ტარიელ თევზაძე,ტარიელ,თევზაძე,,,საქართველოს ერთიანი კომუნისტური პარტია,komunistebi_sia_2016.pdf,1,ef9187236e809f5201fb4000d16bff3b07ad6cc27854c2fca918505939984af7
united_communist_2016,საქართველოს ერთიანი კომუნისტური პარტია,18,არჩილ სამნიძე,არჩილ,სამნიძე,,,უპარტიო,komunistebi_sia_2016.pdf,1,ef9187236e809f5201fb4000d16bff3b07ad6cc27854c2fca918505939984af7
united_communist_2016,საქართველოს ერთიანი კომუნისტური პარტია,19,ნოდარ შარაძე,ნოდარ,შარაძე,,,უპარტიო,komunistebi_sia_2016.pdf,1,ef9187236e809f5201fb4000d16bff3b07ad6cc27854c2fca918505939984af7
united_communist_2016,საქართველოს ერთიანი კომუნისტური პარტია,20,შუშანა გელაძე,შუშანა,გელაძე,,,საქართველოს ერთიანი კომუნისტური პარტია,komunistebi_sia_2016.pdf,1,ef9187236e809f5201fb4000d16bff3b07ad6cc27854c2fca918505939984af7
united_communist_2016,საქართველოს ერთიანი კომუნისტური პარტია,21,ოთარ ცინცაძე,ოთარ,ცინცაძე,,,საქართველოს ერთიანი კომუნისტური პარტია,komunistebi_sia_2016.pdf,1,ef9187236e809f5201fb4000d16bff3b07ad6cc27854c2fca918505939984af7
united_communist_2016,საქართველოს ერთიანი კომუნისტური პარტია,22,სერგო სამნიძე,სერგო,სამნიძე,,,უპარტიო,komunistebi_sia_2016.pdf,1,ef9187236e809f5201fb4000d16bff3b07ad6cc27854c2fca918505939984af7
united_communist_2016,საქართველოს ერთიანი კომუნისტური პარტია,23,ნადიმ გაბაიძე,ნადიმ,გაბაიძე,,,საქართველოს ერთიანი კომუნისტური პარტია,komunistebi_sia_2016.pdf,1,ef9187236e809f5201fb4000d16bff3b07ad6cc27854c2fca918505939984af7
united_communist_2016,საქართველოს ერთიანი კომუნისტური პარტია,24,ნოდარ საგინაძე,ნოდარ,საგინაძე,,,საქართველოს ერთიანი კომუნისტური პარტია,komunistebi_sia_2016.pdf,1,ef9187236e809f5201fb4000d16bff3b07ad6cc27854c2fca918505939984af7
united_communist_2016,საქართველოს ერთიანი კომუნისტური პარტია,25,ხასან კახიძე,ხასან,კახიძე,,,საქართველოს ერთიანი კომუნისტური პარტია,komunistebi_sia_2016.pdf,2,ef9187236e809f5201fb4000d16bff3b07ad6cc27854c2fca918505939984af7
united_communist_2016,საქართველოს ერთიანი კომუნისტური პარტია,26,მერაბ თებიძე,მერაბ,თებიძე,,,უპარტიო,komunistebi_sia_2016.pdf,2,ef9187236e809f5201fb4000d16bff3b07ad6cc27854c2fca918505939984af7
united_communist_2016,საქართველოს ერთიანი კომუნისტური პარტია,27,ბადრი დუმბაძე,ბადრი,დუმბაძე,,,უპარტიო,komunistebi_sia_2016.pdf,2,ef9187236e809f5201fb4000d16bff3b07ad6cc27854c2fca918505939984af7
united_communist_2016,საქართველოს ერთიანი კომუნისტური პარტია,28,ანზორ ზოიძე,ანზორ,ზოიძე,,,საქართველოს ერთიანი კომუნისტური პარტია,komunistebi_sia_2016.pdf,2,ef9187236e809f5201fb4000d16bff3b07ad6cc27854c2fca918505939984af7
united_communist_2016,საქართველოს ერთიანი კომუნისტური პარტია,29,ოქრო ცინცაძე,ოქრო,ცინცაძე,,,საქართველოს ერთიანი კომუნისტური პარტია,komunistebi_sia_2016.pdf,2,ef9187236e809f5201fb4000d16bff3b07ad6cc27854c2fca918505939984af7
united_communist_2016,საქართველოს ერთიანი კომუნისტური პარტია,30,რამინ სურმანიძე,რამინ,სურმანიძე,,,საქართველოს ერთიანი კომუნისტური პარტია,komunistebi_sia_2016.pdf,2,ef9187236e809f5201fb4000d16bff3b07ad6cc27854c2fca918505939984af7
united_communist_2016,საქართველოს ერთიანი კომუნისტური პარტია,31,რევაზ ქობულაძე,რევაზ,ქობულაძე,,,უპარტიო,komunistebi_sia_2016.pdf,2,ef9187236e809f5201fb4000d16bff3b07ad6cc27854c2fca918505939984af7
labour,საქართველოს ლეიბორისტული პარტია,1,ჯელალი ქიქავა,ჯელალი,ქიქავა,68,ბათუმი,საქართველოს ლეიბორისტული პარტია,leiboristebi_sia_2016.pdf,1,4c27753165ae667d9443abb98c6bc03a8aeaaf824dab4d32ad8ccfc65d38a3ba
labour,საქართველოს ლეიბორისტული პარტია,2,დავით რობაქიძე,დავით,რობაქიძე,,,საქართველოს ლეიბორისტული პარტია,leiboristebi_sia_2016.pdf,1,4c27753165ae667d9443abb98c6bc03a8aeaaf824dab4d32ad8ccfc65d38a3ba
labour,საქართველოს ლეიბორისტული პარტია,3,დარეჯან ალანია,დარეჯან,ალანია,69,ბათუმი,საქართველოს ლეიბორისტული პარტია,leiboristebi_sia_2016.pdf,1,4c27753165ae667d9443abb98c6bc03a8aeaaf824dab4d32ad8ccfc65d38a3ba
labour,საქართველოს ლეიბორისტული პარტია,4,უშანგი ცეცხლაძე,უშანგი,ცეცხლაძე,72,ხელვაჩაური,საქართველოს ლეიბორისტული პარტია,leiboristebi_sia_2016.pdf,1,4c27753165ae667d9443abb98c6bc03a8aeaaf824dab4d32ad8ccfc65d38a3ba
labour,საქართველოს ლეიბორისტული პარტია,5,ასლან ქოქოლაძე,ასლან,ქოქოლაძე,,,საქართველოს ლეიბორისტული პარტია,leiboristebi_sia_2016.pdf,1,4c27753165ae667d9443abb98c6bc03a8aeaaf824dab4d32ad8ccfc65d38a3ba
labour,საქართველოს ლეიბორისტული პარტია,6,ნინო სურმანიძე,ნინო,სურმანიძე,73,ხულო,საქართველოს ლეიბორისტული პარტია,leiboristebi_sia_2016.pdf,1,4c27753165ae667d9443abb98c6bc03a8aeaaf824dab4d32ad8ccfc65d38a3ba
labour,საქართველოს ლეიბორისტული პარტია,7,ავთანდილ მჟავანაძე,ავთანდილ,მჟავანაძე,,,საქართველოს ლეიბორისტული პარტია,leiboristebi_sia_2016.pdf,1,4c27753165ae667d9443abb98c6bc03a8aeaaf824dab4d32ad8ccfc65d38a3ba
labour,საქართველოს ლეიბორისტული პარტია,8,ნანა ინასარიძე,ნანა,ინასარიძე,71,ქობულეთი,საქართველოს ლეიბორისტული პარტია,leiboristebi_sia_2016.pdf,1,4c27753165ae667d9443abb98c6bc03a8aeaaf824dab4d32ad8ccfc65d38a3ba
labour,საქართველოს ლეიბორისტული პარტია,9,ბესიკ ქორიძე,ბესიკ,ქორიძე,70,ბათუმი,საქართველოს ლეიბორისტული პარტია,leiboristebi_sia_2016.pdf,1,4c27753165ae667d9443abb98c6bc03a8aeaaf824dab4d32ad8ccfc65d38a3ba
labour,საქართველოს ლეიბორისტული პარტია,10,დურსუნ აფაქიძე,დურსუნ,აფაქიძე,,,საქართველოს ლეიბორისტული პარტია,leiboristebi_sia_2016.pdf,1,4c27753165ae667d9443abb98c6bc03a8aeaaf824dab4d32ad8ccfc65d38a3ba
labour,საქართველოს ლეიბორისტული პარტია,11,მზია კაპანაძე,მზია,კაპანაძე,,,საქართველოს ლეიბორისტული პარტია,leiboristebi_sia_2016.pdf,1,4c27753165ae667d9443abb98c6bc03a8aeaaf824dab4d32ad8ccfc65d38a3ba
labour,საქართველოს ლეიბორისტული პარტია,12,თემურ კოპინაძე,თემურ,კოპინაძე,,,საქართველოს ლეიბორისტული პარტია,leiboristebi_sia_2016.pdf,1,4c27753165ae667d9443abb98c6bc03a8aeaaf824dab4d32ad8ccfc65d38a3ba
labour,საქართველოს ლეიბორისტული პარტია,13,მანანა ბერიძე,მანანა,ბერიძე,,,საქართველოს ლეიბორისტული პარტია,leiboristebi_sia_2016.pdf,1,4c27753165ae667d9443abb98c6bc03a8aeaaf824dab4d32ad8ccfc65d38a3ba
labour,საქართველოს ლეიბორისტული პარტია,14,ჰამლეტ გვასალია,ჰამლეტ,გვასალია,,,საქართველოს ლეიბორისტული პარტია,leiboristebi_sia_2016.pdf,1,4c27753165ae667d9443abb98c6bc03a8aeaaf824dab4d32ad8ccfc65d38a3ba
labour,საქართველოს ლეიბორისტული პარტია,15,პანტელიმონ გოგუაძე,პანტელიმონ,გოგუაძე,,,საქართველოს ლეიბორისტული პარტია,leiboristebi_sia_2016.pdf,1,4c27753165ae667d9443abb98c6bc03a8aeaaf824dab4d32ad8ccfc65d38a3ba
labour,საქართველოს ლეიბორისტული პარტია,16,თამაზი მაჭარაძე,თამაზი,მაჭარაძე,,,საქართველოს ლეიბორისტული პარტია,leiboristebi_sia_2016.pdf,1,4c27753165ae667d9443abb98c6bc03a8aeaaf824dab4d32ad8ccfc65d38a3ba
labour,საქართველოს ლეიბორისტული პარტია,17,თამარ გორდელაძე,თამარ,გორდელაძე,,,საქართველოს ლეიბორისტული პარტია,leiboristebi_sia_2016.pdf,1,4c27753165ae667d9443abb98c6bc03a8aeaaf824dab4d32ad8ccfc65d38a3ba
labour,საქართველოს ლეიბორისტული პარტია,18,დარეჯან ქათამაძე,დარეჯან,ქათამაძე,,,საქართველოს ლეიბორისტული პარტია,leiboristebi_sia_2016.pdf,2,4c27753165ae667d9443abb98c6bc03a8aeaaf824dab4d32ad8ccfc65d38a3ba
labour,საქართველოს ლეიბორისტული პარტია,19,ირმა ბაჯელიძე,ირმა,ბაჯელიძე,,,საქართველოს ლეიბორისტული პარტია,leiboristebi_sia_2016.pdf,2,4c27753165ae667d9443abb98c6bc03a8aeaaf824dab4d32ad8ccfc65d38a3ba
labour,საქართველოს ლეიბორისტული პარტია,20,ინგა ზაქარაძე,ინგა,ზაქარაძე,,,საქართველოს ლეიბორისტული პარტია,leiboristebi_sia_2016.pdf,2,4c27753165ae667d9443abb98c6bc03a8aeaaf824dab4d32ad8ccfc65d38a3ba
labour,საქართველოს ლეიბორისტული პარტია,21,მზია მალაყმაძე,მზია,მალაყმაძე,,,საქართველოს ლეიბორისტული პარტია,leiboristebi_sia_2016.pdf,2,4c27753165ae667d9443abb98c6bc03a8aeaaf824dab4d32ad8ccfc65d38a3ba
labour,საქართველოს ლეიბორისტული პარტია,22,როლანდ ზაქარაძე,როლანდ,ზაქარაძე,,,საქართველოს ლეიბორისტული პარტია,leiboristebi_sia_2016.pdf,2,4c27753165ae667d9443abb98c6bc03a8aeaaf824dab4d32ad8ccfc65d38a3ba
labour,საქართველოს ლეიბორისტული პარტია,23,სულიკო ვაშანიძე,სულიკო,ვაშანიძე,,,საქართველოს ლეიბორისტული პარტია,leiboristebi_sia_2016.pdf,2,4c27753165ae667d9443abb98c6bc03a8aeaaf824dab4d32ad8ccfc65d38a3ba
labour,საქართველოს ლეიბორისტული პარტია,24,ნატალია ჟორჟაძე,ნატალია,ჟორჟაძე,,,საქართველოს ლეიბორისტული პარტია,leiboristebi_sia_2016.pdf,2,4c27753165ae667d9443abb98c6bc03a8aeaaf824dab4d32ad8ccfc65d38a3ba
labour,საქართველოს ლეიბორისტული პარტია,25,ვარდო მჟავანაძე,ვარდო,მჟავანაძე,,,საქართველოს ლეიბორისტული პარტია,leiboristebi_sia_2016.pdf,2,4c27753165ae667d9443abb98c6bc03a8aeaaf824dab4d32ad8ccfc65d38a3ba
labour,საქართველოს ლეიბორისტული პარტია,26,ზაური დავითაძე,ზაური,დავითაძე,,,საქართველოს ლეიბორისტული პარტია,leiboristebi_sia_2016.pdf,2,4c27753165ae667d9443abb98c6bc03a8aeaaf824dab4d32ad8ccfc65d38a3ba
labour,საქართველოს ლეიბორისტული პარტია,27,გუგული ესებიძე,გუგული,ესებიძე,,,საქართველოს ლეიბორისტული პარტია,leiboristebi_sia_2016.pdf,2,4c27753165ae667d9443abb98c6bc03a8aeaaf824dab4d32ad8ccfc65d38a3ba
labour,საქართველოს ლეიბორისტული პარტია,28,გურამი ჯიჯავაძე,გურამი,ჯიჯავაძე,,,საქართველოს ლეიბორისტული პარტია,leiboristebi_sia_2016.pdf,2,4c27753165ae667d9443abb98c6bc03a8aeaaf824dab4d32ad8ccfc65d38a3ba
labour,საქართველოს ლეიბორისტული პარტია,29,ფატმან ყიფიანი,ფატმან,ყიფიანი,,,საქართველოს ლეიბორისტული პარტია,leiboristebi_sia_2016.pdf,2,4c27753165ae667d9443abb98c6bc03a8aeaaf824dab4d32ad8ccfc65d38a3ba
labour,საქართველოს ლეიბორისტული პარტია,30,იაშა ოსანაძე,იაშა,ოსანაძე,,,საქართველოს ლეიბორისტული პარტია,leiboristebi_sia_2016.pdf,2,4c27753165ae667d9443abb98c6bc03a8aeaaf824dab4d32ad8ccfc65d38a3ba
republicans_2016,უსუფაშვილი - რესპუბლიკელები,1,დავით ბერძენიშვილი,დავით,ბერძენიშვილი,69,ბათუმი,„საქართველოს რესპუბლიკური პარტია“,respublikelebi_sia_2016.pdf,1,66bd7ab5627ea1bea8891f895a5fdc94a7f2452908b4b3e5c9566403b73cfe0b
republicans_2016,უსუფაშვილი - რესპუბლიკელები,2,გიორგი მასალკინი,გიორგი,მასალკინი,70,ბათუმი,„საქართველოს რესპუბლიკური პარტია“,respublikelebi_sia_2016.pdf,1,66bd7ab5627ea1bea8891f895a5fdc94a7f2452908b4b3e5c9566403b73cfe0b
republicans_2016,უსუფაშვილი - რესპუბლიკელები,3,ლარისა ანდღულაძე,ლარისა,ანდღულაძე,,,„საქართველოს რესპუბლიკური პარტია“,respublikelebi_sia_2016.pdf,1,66bd7ab5627ea1bea8891f895a5fdc94a7f2452908b4b3e5c9566403b73cfe0b
republicans_2016,უსუფაშვილი - რესპუბლიკელები,4,ზაურ ახვლედიანი,ზაურ,ახვლედიანი,68,ბათუმი,„საქართველოს რესპუბლიკური პარტია“,respublikelebi_sia_2016.pdf,1,66bd7ab5627ea1bea8891f895a5fdc94a7f2452908b4b3e5c9566403b73cfe0b
republicans_2016,უსუფაშვილი - რესპუბლიკელები,5,ლევან ხინიკაძე,ლევან,ხინიკაძე,71,ქობულეთი,„საქართველოს რესპუბლიკური პარტია“,respublikelebi_sia_2016.pdf,1,66bd7ab5627ea1bea8891f895a5fdc94a7f2452908b4b3e5c9566403b73cfe0b
republicans_2016,უსუფაშვილი - რესპუბლიკელები,6,მარინე მახარაძე,მარინე,მახარაძე,,,„საქართველოს რესპუბლიკური პარტია“,respublikelebi_sia_2016.pdf,1,66bd7ab5627ea1bea8891f895a5fdc94a7f2452908b4b3e5c9566403b73cfe0b
republicans_2016,უსუფაშვილი - რესპუბლიკელები,7,გიორგი რუხაძე,გიორგი,რუხაძე,72,ხელვაჩაური,„საქართველოს რესპუბლიკური პარტია“,respublikelebi_sia_2016.pdf,1,66bd7ab5627ea1bea8891f895a5fdc94a7f2452908b4b3e5c9566403b73cfe0b
republicans_2016,უსუფაშვილი - რესპუბლიკელები,8,დემურ მსახურაძე,დემურ,მსახურაძე,73,ხულო,„საქართველოს რესპუბლიკური პარტია“,respublikelebi_sia_2016.pdf,1,66bd7ab5627ea1bea8891f895a5fdc94a7f2452908b4b3e5c9566403b73cfe0b
republicans_2016,უსუფაშვილი - რესპუბლიკელები,9,ასმათ ცინცაძე,ასმათ,ცინცაძე,,,„საქართველოს რესპუბლიკური პარტია“,respublikelebi_sia_2016.pdf,1,66bd7ab5627ea1bea8891f895a5fdc94a7f2452908b4b3e5c9566403b73cfe0b
republicans_2016,უსუფაშვილი - რესპუბლიკელები,10,ზაზა ჩავლეიშვილი,ზაზა,ჩავლეიშვილი,,,„საქართველოს რესპუბლიკური პარტია“,respublikelebi_sia_2016.pdf,1,66bd7ab5627ea1bea8891f895a5fdc94a7f2452908b4b3e5c9566403b73cfe0b
republicans_2016,უსუფაშვილი - რესპუბლიკელები,11,არჩილ ზოიძე,არჩილ,ზოიძე,,,„საქართველოს რესპუბლიკური პარტია“,respublikelebi_sia_2016.pdf,1,66bd7ab5627ea1bea8891f895a5fdc94a7f2452908b4b3e5c9566403b73cfe0b
republicans_2016,უსუფაშვილი - რესპუბლიკელები,12,თინა ფუტკარაძე,თინა,ფუტკარაძე,,,„საქართველოს რესპუბლიკური პარტია“,respublikelebi_sia_2016.pdf,1,66bd7ab5627ea1bea8891f895a5fdc94a7f2452908b4b3e5c9566403b73cfe0b
republicans_2016,უსუფაშვილი - რესპუბლიკელები,13,თამაზ შარაშიძე,თამაზ,შარაშიძე,,,„საქართველოს რესპუბლიკური პარტია“,respublikelebi_sia_2016.pdf,1,66bd7ab5627ea1bea8891f895a5fdc94a7f2452908b4b3e5c9566403b73cfe0b
republicans_2016,უსუფაშვილი - რესპუბლიკელები,14,სულხან ნიჟარაძე,სულხან,ნიჟარაძე,,,„საქართველოს რესპუბლიკური პარტია“,respublikelebi_sia_2016.pdf,1,66bd7ab5627ea1bea8891f895a5fdc94a7f2452908b4b3e5c9566403b73cfe0b
republicans_2016,უსუფაშვილი - რესპუბლიკელები,15,ლია სამნიძე,ლია,სამნიძე,,,„საქართველოს რესპუბლიკური პარტია“,respublikelebi_sia_2016.pdf,1,66bd7ab5627ea1bea8891f895a5fdc94a7f2452908b4b3e5c9566403b73cfe0b
republicans_2016,უსუფაშვილი - რესპუბლიკელები,16,გიორგი რამიშვილი,გიორგი,რამიშვილი,,,„საქართველოს რესპუბლიკური პარტია“,respublikelebi_sia_2016.pdf,1,66bd7ab5627ea1bea8891f895a5fdc94a7f2452908b4b3e5c9566403b73cfe0b
republicans_2016,უსუფაშვილი - რესპუბლიკელები,17,გერმან ურუშაძე,გერმან,ურუშაძე,,,„საქართველოს რესპუბლიკური პარტია“,respublikelebi_sia_2016.pdf,1,66bd7ab5627ea1bea8891f895a5fdc94a7f2452908b4b3e5c9566403b73cfe0b
republicans_2016,უსუფაშვილი - რესპუბლიკელები,18,მანანა მახარაძე,მანანა,მახარაძე,,,„საქართველოს რესპუბლიკური პარტია“,respublikelebi_sia_2016.pdf,1,66bd7ab5627ea1bea8891f895a5fdc94a7f2452908b4b3e5c9566403b73cfe0b
republicans_2016,უსუფაშვილი - რესპუბლიკელები,19,როლანდ მესხიძე,როლანდ,მესხიძე,,,„საქართველოს რესპუბლიკური პარტია“,respublikelebi_sia_2016.pdf,2,66bd7ab5627ea1bea8891f895a5fdc94a7f2452908b4b3e5c9566403b73cfe0b
republicans_2016,უსუფაშვილი - რესპუბლიკელები,20,გიორგი კაკაბაძე,გიორგი,კაკაბაძე,,,„საქართველოს რესპუბლიკური პარტია“,respublikelebi_sia_2016.pdf,2,66bd7ab5627ea1bea8891f895a5fdc94a7f2452908b4b3e5c9566403b73cfe0b
republicans_2016,უსუფაშვილი - რესპუბლიკელები,21,მარინე გოგვაძე,მარინე,გოგვაძე,,,„საქართველოს რესპუბლიკური პარტია“,respublikelebi_sia_2016.pdf,2,66bd7ab5627ea1bea8891f895a5fdc94a7f2452908b4b3e5c9566403b73cfe0b
republicans_2016,უსუფაშვილი - რესპუბლიკელები,22,აბელ ბექტაშვილი,აბელ,ბექტაშვილი,,,„საქართველოს რესპუბლიკური პარტია“,respublikelebi_sia_2016.pdf,2,66bd7ab5627ea1bea8891f895a5fdc94a7f2452908b4b3e5c9566403b73cfe0b
republicans_2016,უსუფაშვილი - რესპუბლიკელები,23,გიორგი გოგოლიშვილი,გიორგი,გოგოლიშვილი,,,„საქართველოს რესპუბლიკური პარტია“,respublikelebi_sia_2016.pdf,2,66bd7ab5627ea1bea8891f895a5fdc94a7f2452908b4b3e5c9566403b73cfe0b
republicans_2016,უსუფაშვილი - რესპუბლიკელები,24,ქრისტინე აფხაზავა,ქრისტინე,აფხაზავა,,,„საქართველოს რესპუბლიკური პარტია“,respublikelebi_sia_2016.pdf,2,66bd7ab5627ea1bea8891f895a5fdc94a7f2452908b4b3e5c9566403b73cfe0b
republicans_2016,უსუფაშვილი - რესპუბლიკელები,25,მირზა ხაჯიშვილი,მირზა,ხაჯიშვილი,,,„საქართველოს რესპუბლიკური პარტია“,respublikelebi_sia_2016.pdf,2,66bd7ab5627ea1bea8891f895a5fdc94a7f2452908b4b3e5c9566403b73cfe0b
republicans_2016,უსუფაშვილი - რესპუბლიკელები,26,ემზარ გელაძე,ემზარ,გელაძე,,,„საქართველოს რესპუბლიკური პარტია“,respublikelebi_sia_2016.pdf,2,66bd7ab5627ea1bea8891f895a5fdc94a7f2452908b4b3e5c9566403b73cfe0b
republicans_2016,უსუფაშვილი - რესპუბლიკელები,27,რუსუდან რურუა,რუსუდან,რურუა,,,„საქართველოს რესპუბლიკური პარტია“,respublikelebi_sia_2016.pdf,2,66bd7ab5627ea1bea8891f895a5fdc94a7f2452908b4b3e5c9566403b73cfe0b
republicans_2016,უსუფაშვილი - რესპუბლიკელები,28,ვაჟა ხიმშიაშვილი,ვაჟა,ხიმშიაშვილი,,,„საქართველოს რესპუბლიკური პარტია“,respublikelebi_sia_2016.pdf,2,66bd7ab5627ea1bea8891f895a5fdc94a7f2452908b4b3e5c9566403b73cfe0b
republicans_2016,უსუფაშვილი - რესპუბლიკელები,29,ნოდარ ზოიძე,ნოდარ,ზოიძე,,,„საქართველოს რესპუბლიკური პარტია“,respublikelebi_sia_2016.pdf,2,66bd7ab5627ea1bea8891f895a5fdc94a7f2452908b4b3e5c9566403b73cfe0b
republicans_2016,უსუფაშვილი - რესპუბლიკელები,30,თეიმურაზ ყურაშვილი,თეიმურაზ,ყურაშვილი,,,„საქართველოს რესპუბლიკური პარტია“,respublikelebi_sia_2016.pdf,2,66bd7ab5627ea1bea8891f895a5fdc94a7f2452908b4b3e5c9566403b73cfe0b
gd,ქართული ოცნება - დემოკრატიული საქართველო,1,ნუგზარი სურმანიძე,ნუგზარი,სურმანიძე,70,ბათუმი,ქართული ოცნება - დემოკრატიული საქართველო,ocneba_sia_2016.pdf,1,359990aaf146289c5bddf8f9dc4c1de8d3d08af7bb3bc4be3bf0d06dd1f37527
gd,ქართული ოცნება - დემოკრატიული საქართველო,2,დავითი გაბაიძე,დავითი,გაბაიძე,,,ქართული ოცნება - დემოკრატიული საქართველო,ocneba_sia_2016.pdf,1,359990aaf146289c5bddf8f9dc4c1de8d3d08af7bb3bc4be3bf0d06dd1f37527
gd,ქართული ოცნება - დემოკრატიული საქართველო,3,ირაკლი ჭეიშვილი,ირაკლი,ჭეიშვილი,,,ქართული ოცნება - დემოკრატიული საქართველო,ocneba_sia_2016.pdf,1,359990aaf146289c5bddf8f9dc4c1de8d3d08af7bb3bc4be3bf0d06dd1f37527
gd,ქართული ოცნება - დემოკრატიული საქართველო,4,ცოტნე ანანიძე,ცოტნე,ანანიძე,,,უპარტიო,ocneba_sia_2016.pdf,1,359990aaf146289c5bddf8f9dc4c1de8d3d08af7bb3bc4be3bf0d06dd1f37527
gd,ქართული ოცნება - დემოკრატიული საქართველო,5,დავითი თედორაძე,დავითი,თედორაძე,,,ქართული ოცნება - დემოკრატიული საქართველო,ocneba_sia_2016.pdf,1,359990aaf146289c5bddf8f9dc4c1de8d3d08af7bb3bc4be3bf0d06dd1f37527
gd,ქართული ოცნება - დემოკრატიული საქართველო,6,ვლადიმერი მგალობლიშვილი,ვლადიმერი,მგალობლიშვილი,,,ქართული ოცნება - დემოკრატიული საქართველო,ocneba_sia_2016.pdf,1,359990aaf146289c5bddf8f9dc4c1de8d3d08af7bb3bc4be3bf0d06dd1f37527
gd,ქართული ოცნება - დემოკრატიული საქართველო,7,დავით ბაციკაძე,დავით,ბაციკაძე,,,საქართველოს კონსერვატიული პარტია,ocneba_sia_2016.pdf,1,359990aaf146289c5bddf8f9dc4c1de8d3d08af7bb3bc4be3bf0d06dd1f37527
gd,ქართული ოცნება - დემოკრატიული საქართველო,8,ნინო ჩხეტია,ნინო,ჩხეტია,,,ქართული ოცნება - დემოკრატიული საქართველო,ocneba_sia_2016.pdf,1,359990aaf146289c5bddf8f9dc4c1de8d3d08af7bb3bc4be3bf0d06dd1f37527
gd,ქართული ოცნება - დემოკრატიული საქართველო,9,გიორგი მანველიძე,გიორგი,მანველიძე,,,ქართული ოცნება - დემოკრატიული საქართველო,ocneba_sia_2016.pdf,1,359990aaf146289c5bddf8f9dc4c1de8d3d08af7bb3bc4be3bf0d06dd1f37527
gd,ქართული ოცნება - დემოკრატიული საქართველო,10,ნატალია ზოიძე,ნატალია,ზოიძე,,,ქართული ოცნება - დემოკრატიული საქართველო,ocneba_sia_2016.pdf,1,359990aaf146289c5bddf8f9dc4c1de8d3d08af7bb3bc4be3bf0d06dd1f37527
gd,ქართული ოცნება - დემოკრატიული საქართველო,11,თამაზი სალუქვაძე,თამაზი,სალუქვაძე,,,ქართული ოცნება - დემოკრატიული საქართველო,ocneba_sia_2016.pdf,1,359990aaf146289c5bddf8f9dc4c1de8d3d08af7bb3bc4be3bf0d06dd1f37527
gd,ქართული ოცნება - დემოკრატიული საქართველო,12,ირაკლი მიქელაძე,ირაკლი,მიქელაძე,,,ქართული ოცნება - დემოკრატიული საქართველო,ocneba_sia_2016.pdf,1,359990aaf146289c5bddf8f9dc4c1de8d3d08af7bb3bc4be3bf0d06dd1f37527
gd,ქართული ოცნება - დემოკრატიული საქართველო,13,ნათია თხილაიშვილი,ნათია,თხილაიშვილი,,,ქართული ოცნება - დემოკრატიული საქართველო,ocneba_sia_2016.pdf,1,359990aaf146289c5bddf8f9dc4c1de8d3d08af7bb3bc4be3bf0d06dd1f37527
gd,ქართული ოცნება - დემოკრატიული საქართველო,14,ლევან კინწურაშვილი,ლევან,კინწურაშვილი,,,ქართული ოცნება - დემოკრატიული საქართველო,ocneba_sia_2016.pdf,1,359990aaf146289c5bddf8f9dc4c1de8d3d08af7bb3bc4be3bf0d06dd1f37527
gd,ქართული ოცნება - დემოკრატიული საქართველო,15,მანანა ჯორბენაძე,მანანა,ჯორბენაძე,,,ქართული ოცნება - დემოკრატიული საქართველო,ocneba_sia_2016.pdf,1,359990aaf146289c5bddf8f9dc4c1de8d3d08af7bb3bc4be3bf0d06dd1f37527
gd,ქართული ოცნება - დემოკრატიული საქართველო,16,ნაზი თურმანიძე,ნაზი,თურმანიძე,,,ქართული ოცნება - დემოკრატიული საქართველო,ocneba_sia_2016.pdf,1,359990aaf146289c5bddf8f9dc4c1de8d3d08af7bb3bc4be3bf0d06dd1f37527
gd,ქართული ოცნება - დემოკრატიული საქართველო,17,ზაალ მიქელაძე,ზაალ,მიქელაძე,,,ქართული ოცნება - დემოკრატიული საქართველო,ocneba_sia_2016.pdf,1,359990aaf146289c5bddf8f9dc4c1de8d3d08af7bb3bc4be3bf0d06dd1f37527
gd,ქართული ოცნება - დემოკრატიული საქართველო,18,გიორგი ბერიძე,გიორგი,ბერიძე,,,ქართული ოცნება - დემოკრატიული საქართველო,ocneba_sia_2016.pdf,1,359990aaf146289c5bddf8f9dc4c1de8d3d08af7bb3bc4be3bf0d06dd1f37527
gd,ქართული ოცნება - დემოკრატიული საქართველო,19,ზვიად მელიქაძე,ზვიად,მელიქაძე,,,ქართული ოცნება - დემოკრატიული საქართველო,ocneba_sia_2016.pdf,1,359990aaf146289c5bddf8f9dc4c1de8d3d08af7bb3bc4be3bf0d06dd1f37527
gd,ქართული ოცნება - დემოკრატიული საქართველო,20,გელა გოგიტიძე,გელა,გოგიტიძე,,,ქართული ოცნება - დემოკრატიული საქართველო,ocneba_sia_2016.pdf,2,359990aaf146289c5bddf8f9dc4c1de8d3d08af7bb3bc4be3bf0d06dd1f37527
gd,ქართული ოცნება - დემოკრატიული საქართველო,21,იოსებ ბოლქვაძე,იოსებ,ბოლქვაძე,,,ქართული ოცნება - დემოკრატიული საქართველო,ocneba_sia_2016.pdf,2,359990aaf146289c5bddf8f9dc4c1de8d3d08af7bb3bc4be3bf0d06dd1f37527
gd,ქართული ოცნება - დემოკრატიული საქართველო,22,პარმენ მგელაძე,პარმენ,მგელაძე,,,ქართული ოცნება - დემოკრატიული საქართველო,ocneba_sia_2016.pdf,2,359990aaf146289c5bddf8f9dc4c1de8d3d08af7bb3bc4be3bf0d06dd1f37527
gd,ქართული ოცნება - დემოკრატიული საქართველო,23,შუქრი თურმანიძე,შუქრი,თურმანიძე,,,ქართული ოცნება - დემოკრატიული საქართველო,ocneba_sia_2016.pdf,2,359990aaf146289c5bddf8f9dc4c1de8d3d08af7bb3bc4be3bf0d06dd1f37527
gd,ქართული ოცნება - დემოკრატიული საქართველო,24,სულხან ვარშანიძე,სულხან,ვარშანიძე,,,ქართული ოცნება - დემოკრატიული საქართველო,ocneba_sia_2016.pdf,2,359990aaf146289c5bddf8f9dc4c1de8d3d08af7bb3bc4be3bf0d06dd1f37527
gd,ქართული ოცნება - დემოკრატიული საქართველო,25,მარინა აბულაძე,მარინა,აბულაძე,,,ქართული ოცნება - დემოკრატიული საქართველო,ocneba_sia_2016.pdf,2,359990aaf146289c5bddf8f9dc4c1de8d3d08af7bb3bc4be3bf0d06dd1f37527
gd,ქართული ოცნება - დემოკრატიული საქართველო,26,გიორგი რომანაძე,გიორგი,რომანაძე,71,ქობულეთი,ქართული ოცნება - დემოკრატიული საქართველო,ocneba_sia_2016.pdf,2,359990aaf146289c5bddf8f9dc4c1de8d3d08af7bb3bc4be3bf0d06dd1f37527
gd,ქართული ოცნება - დემოკრატიული საქართველო,27,ილია ვერძაძე,ილია,ვერძაძე,69,ბათუმი,ქართული ოცნება - დემოკრატიული საქართველო,ocneba_sia_2016.pdf,2,359990aaf146289c5bddf8f9dc4c1de8d3d08af7bb3bc4be3bf0d06dd1f37527
gd,ქართული ოცნება - დემოკრატიული საქართველო,28,ვახტანგ წულაძე,ვახტანგ,წულაძე,68,ბათუმი,ქართული ოცნება - დემოკრატიული საქართველო,ocneba_sia_2016.pdf,2,359990aaf146289c5bddf8f9dc4c1de8d3d08af7bb3bc4be3bf0d06dd1f37527
gd,ქართული ოცნება - დემოკრატიული საქართველო,29,ხვიჩა შარაშიძე,ხვიჩა,შარაშიძე,73,ხულო,ქართული ოცნება - დემოკრატიული საქართველო,ocneba_sia_2016.pdf,2,359990aaf146289c5bddf8f9dc4c1de8d3d08af7bb3bc4be3bf0d06dd1f37527
gd,ქართული ოცნება - დემოკრატიული საქართველო,30,მერაბი კარანაძე,მერაბი,კარანაძე,72,ხელვაჩაური,ქართული ოცნება - დემოკრატიული საქართველო,ocneba_sia_2016.pdf,2,359990aaf146289c5bddf8f9dc4c1de8d3d08af7bb3bc4be3bf0d06dd1f37527
industry_sakartvelo,"“თოფაძე-მრეწველები,ჩვენი სამშობლო“",1,ირაკლი ჯაში,ირაკლი,ჯაში,,,პ/გ „მგს“,mrewvelebi_sia_2016.pdf,1,d57fc660187e9b2ffb3a085abd427868e444e491442297c454f50747948c443c
industry_sakartvelo,"“თოფაძე-მრეწველები,ჩვენი სამშობლო“",2,სულხან კოჩალიძე,სულხან,კოჩალიძე,,,პ/გ „ჩვენი სამშობლო“,mrewvelebi_sia_2016.pdf,1,d57fc660187e9b2ffb3a085abd427868e444e491442297c454f50747948c443c
industry_sakartvelo,"“თოფაძე-მრეწველები,ჩვენი სამშობლო“",3,ჯამბულ შარაბიძე,ჯამბულ,შარაბიძე,,,უპარტიო,mrewvelebi_sia_2016.pdf,1,d57fc660187e9b2ffb3a085abd427868e444e491442297c454f50747948c443c
industry_sakartvelo,"“თოფაძე-მრეწველები,ჩვენი სამშობლო“",4,ეკატერინე გუგუშვილი,ეკატერინე,გუგუშვილი,,,პ/გ „მგს“,mrewvelebi_sia_2016.pdf,1,d57fc660187e9b2ffb3a085abd427868e444e491442297c454f50747948c443c
industry_sakartvelo,"“თოფაძე-მრეწველები,ჩვენი სამშობლო“",5,ომარ ჩიტიშვილი,ომარ,ჩიტიშვილი,,,პ/გ „ჩვენი სამშობლო“,mrewvelebi_sia_2016.pdf,1,d57fc660187e9b2ffb3a085abd427868e444e491442297c454f50747948c443c
industry_sakartvelo,"“თოფაძე-მრეწველები,ჩვენი სამშობლო“",6,თამაზ ხმალაძე,თამაზ,ხმალაძე,,,პ/გ „მგს“,mrewvelebi_sia_2016.pdf,1,d57fc660187e9b2ffb3a085abd427868e444e491442297c454f50747948c443c
industry_sakartvelo,"“თოფაძე-მრეწველები,ჩვენი სამშობლო“",7,ნოდარ მელიქიშვილი,ნოდარ,მელიქიშვილი,70,ბათუმი,პ/გ „ჩვენი სამშობლო“,mrewvelebi_sia_2016.pdf,1,d57fc660187e9b2ffb3a085abd427868e444e491442297c454f50747948c443c
industry_sakartvelo,"“თოფაძე-მრეწველები,ჩვენი სამშობლო“",8,იამზე შავაძე,იამზე,შავაძე,72,ხელვაჩაური,პ/გ „მგს“,mrewvelebi_sia_2016.pdf,1,d57fc660187e9b2ffb3a085abd427868e444e491442297c454f50747948c443c
industry_sakartvelo,"“თოფაძე-მრეწველები,ჩვენი სამშობლო“",9,მამუკა ესელიძე,მამუკა,ესელიძე,71,ქობულეთი,პ/გ „ჩვენი სამშობლო“,mrewvelebi_sia_2016.pdf,1,d57fc660187e9b2ffb3a085abd427868e444e491442297c454f50747948c443c
industry_sakartvelo,"“თოფაძე-მრეწველები,ჩვენი სამშობლო“",10,გიორგი ასათიანი,გიორგი,ასათიანი,68,ბათუმი,პ/გ „ჩვენი სამშობლო“,mrewvelebi_sia_2016.pdf,1,d57fc660187e9b2ffb3a085abd427868e444e491442297c454f50747948c443c
industry_sakartvelo,"“თოფაძე-მრეწველები,ჩვენი სამშობლო“",11,ირინა ოგანიანი,ირინა,ოგანიანი,,,პ/გ „მგს“,mrewvelebi_sia_2016.pdf,1,d57fc660187e9b2ffb3a085abd427868e444e491442297c454f50747948c443c
industry_sakartvelo,"“თოფაძე-მრეწველები,ჩვენი სამშობლო“",12,რომან ჯიქია,რომან,ჯიქია,69,ბათუმი,პ/გ „ჩვენი სამშობლო“,mrewvelebi_sia_2016.pdf,1,d57fc660187e9b2ffb3a085abd427868e444e491442297c454f50747948c443c
industry_sakartvelo,"“თოფაძე-მრეწველები,ჩვენი სამშობლო“",13,მაკა გუგუშვილი,მაკა,გუგუშვილი,,,პ/გ „მგს“,mrewvelebi_sia_2016.pdf,1,d57fc660187e9b2ffb3a085abd427868e444e491442297c454f50747948c443c
industry_sakartvelo,"“თოფაძე-მრეწველები,ჩვენი სამშობლო“",14,გურამი დეკანაძე,გურამი,დეკანაძე,,,პ/გ „ჩვენი სამშობლო“,mrewvelebi_sia_2016.pdf,1,d57fc660187e9b2ffb3a085abd427868e444e491442297c454f50747948c443c
industry_sakartvelo,"“თოფაძე-მრეწველები,ჩვენი სამშობლო“",15,ნანა კახიძე,ნანა,კახიძე,,,პ/გ „მგს“,mrewvelebi_sia_2016.pdf,1,d57fc660187e9b2ffb3a085abd427868e444e491442297c454f50747948c443c
industry_sakartvelo,"“თოფაძე-მრეწველები,ჩვენი სამშობლო“",16,ვაჟა გოგიტიძე,ვაჟა,გოგიტიძე,,,პ/გ „ჩვენი სამშობლო“,mrewvelebi_sia_2016.pdf,1,d57fc660187e9b2ffb3a085abd427868e444e491442297c454f50747948c443c
industry_sakartvelo,"“თოფაძე-მრეწველები,ჩვენი სამშობლო“",17,იოსები დავითაძე,იოსები,დავითაძე,,,პ/გ „მგს“,mrewvelebi_sia_2016.pdf,1,d57fc660187e9b2ffb3a085abd427868e444e491442297c454f50747948c443c
industry_sakartvelo,"“თოფაძე-მრეწველები,ჩვენი სამშობლო“",18,მიხეილ მამალაძე,მიხეილ,მამალაძე,,,პ/გ „ჩვენი სამშობლო“,mrewvelebi_sia_2016.pdf,1,d57fc660187e9b2ffb3a085abd427868e444e491442297c454f50747948c443c
industry_sakartvelo,"“თოფაძე-მრეწველები,ჩვენი სამშობლო“",19,ხასან აბაშიძე,ხასან,აბაშიძე,,,პ/გ „მგს“,mrewvelebi_sia_2016.pdf,1,d57fc660187e9b2ffb3a085abd427868e444e491442297c454f50747948c443c
industry_sakartvelo,"“თოფაძე-მრეწველები,ჩვენი სამშობლო“",20,ჯამბულ ბერიძე,ჯამბულ,ბერიძე,,,პ/გ „ჩვენი სამშობლო“,mrewvelebi_sia_2016.pdf,1,d57fc660187e9b2ffb3a085abd427868e444e491442297c454f50747948c443c
industry_sakartvelo,"“თოფაძე-მრეწველები,ჩვენი სამშობლო“",21,როლანდი დავითაძე,როლანდი,დავითაძე,,,პ/გ „მგს“,mrewvelebi_sia_2016.pdf,1,d57fc660187e9b2ffb3a085abd427868e444e491442297c454f50747948c443c
industry_sakartvelo,"“თოფაძე-მრეწველები,ჩვენი სამშობლო“",22,იური გოგიტიძე,იური,გოგიტიძე,,,პ/გ „ჩვენი სამშობლო“,mrewvelebi_sia_2016.pdf,1,d57fc660187e9b2ffb3a085abd427868e444e491442297c454f50747948c443c
industry_sakartvelo,"“თოფაძე-მრეწველები,ჩვენი სამშობლო“",23,აბდი ბერიძე,აბდი,ბერიძე,,,პ/გ „მგს“,mrewvelebi_sia_2016.pdf,1,d57fc660187e9b2ffb3a085abd427868e444e491442297c454f50747948c443c
industry_sakartvelo,"“თოფაძე-მრეწველები,ჩვენი სამშობლო“",24,ალექსანდრე ნიკოლაშვილი,ალექსანდრე,ნიკოლაშვილი,,,პ/გ „ჩვენი სამშობლო“,mrewvelebi_sia_2016.pdf,1,d57fc660187e9b2ffb3a085abd427868e444e491442297c454f50747948c443c
industry_sakartvelo,"“თოფაძე-მრეწველები,ჩვენი სამშობლო“",25,ირინე ნადირაშვილი,ირინე,ნადირაშვილი,,,პ/გ „მგს“,mrewvelebi_sia_2016.pdf,1,d57fc660187e9b2ffb3a085abd427868e444e491442297c454f50747948c443c
industry_sakartvelo,"“თოფაძე-მრეწველები,ჩვენი სამშობლო“",26,სიმონ ქორიძე,სიმონ,ქორიძე,,,პ/გ „ჩვენი სამშობლო“,mrewvelebi_sia_2016.pdf,1,d57fc660187e9b2ffb3a085abd427868e444e491442297c454f50747948c443c
industry_sakartvelo,"“თოფაძე-მრეწველები,ჩვენი სამშობლო“",27,მაია კილტავა,მაია,კილტავა,,,პ/გ „მგს“,mrewvelebi_sia_2016.pdf,1,d57fc660187e9b2ffb3a085abd427868e444e491442297c454f50747948c443c
industry_sakartvelo,"“თოფაძე-მრეწველები,ჩვენი სამშობლო“",28,ნათელა გახოკია,ნათელა,გახოკია,,,პ/გ „მგს“,mrewvelebi_sia_2016.pdf,1,d57fc660187e9b2ffb3a085abd427868e444e491442297c454f50747948c443c
industry_sakartvelo,"“თოფაძე-მრეწველები,ჩვენი სამშობლო“",29,ნელი გირკელიძე,ნელი,გირკელიძე,,,პ/გ „მგს“,mrewvelebi_sia_2016.pdf,1,d57fc660187e9b2ffb3a085abd427868e444e491442297c454f50747948c443c
industry_sakartvelo,"“თოფაძე-მრეწველები,ჩვენი სამშობლო“",30,ირინა ბაუერი,ირინა,ბაუერი,,,პ/გ „მგს“,mrewvelebi_sia_2016.pdf,1,d57fc660187e9b2ffb3a085abd427868e444e491442297c454f50747948c443c
chvenni_peoples,“ჩვენები - სახლხო პარტია“,1,მანუჩარ აბაშიძე,მანუჩარ,აბაშიძე,69,ბათუმი,სახალხო პარტია,chvenebi_sia_2016.pdf,1,56e8e6d98b4391e94f7be47e000f1011136babdacef3e1f221512fb88c7d09f6
chvenni_peoples,“ჩვენები - სახლხო პარტია“,2,ანზორ დავითაძე,ანზორ,დავითაძე,70,ბათუმი,უპარტიო,chvenebi_sia_2016.pdf,1,56e8e6d98b4391e94f7be47e000f1011136babdacef3e1f221512fb88c7d09f6
chvenni_peoples,“ჩვენები - სახლხო პარტია“,3,გოგი გოგიტიძე,გოგი,გოგიტიძე,71,ქობულეთი,უპარტიო,chvenebi_sia_2016.pdf,1,56e8e6d98b4391e94f7be47e000f1011136babdacef3e1f221512fb88c7d09f6
chvenni_peoples,“ჩვენები - სახლხო პარტია“,4,დიმიტრი დავითაძე,დიმიტრი,დავითაძე,,,უპარტიო,chvenebi_sia_2016.pdf,1,56e8e6d98b4391e94f7be47e000f1011136babdacef3e1f221512fb88c7d09f6
chvenni_peoples,“ჩვენები - სახლხო პარტია“,5,მირზა აბაშიძე,მირზა,აბაშიძე,,,უპარტიო,chvenebi_sia_2016.pdf,1,56e8e6d98b4391e94f7be47e000f1011136babdacef3e1f221512fb88c7d09f6
chvenni_peoples,“ჩვენები - სახლხო პარტია“,6,ბადრი მათითაიშვილი,ბადრი,მათითაიშვილი,,,უპარტიო,chvenebi_sia_2016.pdf,1,56e8e6d98b4391e94f7be47e000f1011136babdacef3e1f221512fb88c7d09f6
chvenni_peoples,“ჩვენები - სახლხო პარტია“,7,დურმიშხან შაინიძე,დურმიშხან,შაინიძე,72,ხელვაჩაური,უპარტიო,chvenebi_sia_2016.pdf,1,56e8e6d98b4391e94f7be47e000f1011136babdacef3e1f221512fb88c7d09f6
chvenni_peoples,“ჩვენები - სახლხო პარტია“,8,ანზორ სურმანიძე,ანზორ,სურმანიძე,,,უპარტიო,chvenebi_sia_2016.pdf,1,56e8e6d98b4391e94f7be47e000f1011136babdacef3e1f221512fb88c7d09f6
chvenni_peoples,“ჩვენები - სახლხო პარტია“,9,ირმა გოგუაძე,ირმა,გოგუაძე,,,უპარტიო,chvenebi_sia_2016.pdf,1,56e8e6d98b4391e94f7be47e000f1011136babdacef3e1f221512fb88c7d09f6
chvenni_peoples,“ჩვენები - სახლხო პარტია“,10,ედუარდ ბერიძე,ედუარდ,ბერიძე,,,უპარტიო,chvenebi_sia_2016.pdf,1,56e8e6d98b4391e94f7be47e000f1011136babdacef3e1f221512fb88c7d09f6
chvenni_peoples,“ჩვენები - სახლხო პარტია“,11,ოთარი გაბაიძე,ოთარი,გაბაიძე,,,უპარტიო,chvenebi_sia_2016.pdf,1,56e8e6d98b4391e94f7be47e000f1011136babdacef3e1f221512fb88c7d09f6
chvenni_peoples,“ჩვენები - სახლხო პარტია“,12,ირინე აბულაძე,ირინე,აბულაძე,,,უპარტიო,chvenebi_sia_2016.pdf,1,56e8e6d98b4391e94f7be47e000f1011136babdacef3e1f221512fb88c7d09f6
chvenni_peoples,“ჩვენები - სახლხო პარტია“,13,ტრისტან შავაძე,ტრისტან,შავაძე,,,უპარტიო,chvenebi_sia_2016.pdf,1,56e8e6d98b4391e94f7be47e000f1011136babdacef3e1f221512fb88c7d09f6
chvenni_peoples,“ჩვენები - სახლხო პარტია“,14,ვლადიმერ გორდელაძე,ვლადიმერ,გორდელაძე,,,უპარტიო,chvenebi_sia_2016.pdf,1,56e8e6d98b4391e94f7be47e000f1011136babdacef3e1f221512fb88c7d09f6
chvenni_peoples,“ჩვენები - სახლხო პარტია“,15,დავით კახიძე,დავით,კახიძე,,,უპარტიო,chvenebi_sia_2016.pdf,1,56e8e6d98b4391e94f7be47e000f1011136babdacef3e1f221512fb88c7d09f6
chvenni_peoples,“ჩვენები - სახლხო პარტია“,16,დავით ჟღენტი,დავით,ჟღენტი,,,უპარტიო,chvenebi_sia_2016.pdf,1,56e8e6d98b4391e94f7be47e000f1011136babdacef3e1f221512fb88c7d09f6
chvenni_peoples,“ჩვენები - სახლხო პარტია“,17,ირაკლი გოგიტიძე,ირაკლი,გოგიტიძე,,,უპარტიო,chvenebi_sia_2016.pdf,1,56e8e6d98b4391e94f7be47e000f1011136babdacef3e1f221512fb88c7d09f6
chvenni_peoples,“ჩვენები - სახლხო პარტია“,18,ინეზა ტაკიძე,ინეზა,ტაკიძე,,,უპარტიო,chvenebi_sia_2016.pdf,1,56e8e6d98b4391e94f7be47e000f1011136babdacef3e1f221512fb88c7d09f6
chvenni_peoples,“ჩვენები - სახლხო პარტია“,19,როლანდი შავაძე,როლანდი,შავაძე,,,უპარტიო,chvenebi_sia_2016.pdf,1,56e8e6d98b4391e94f7be47e000f1011136babdacef3e1f221512fb88c7d09f6
chvenni_peoples,“ჩვენები - სახლხო პარტია“,20,თეონა გოგიტიძე,თეონა,გოგიტიძე,,,უპარტიო,chvenebi_sia_2016.pdf,1,56e8e6d98b4391e94f7be47e000f1011136babdacef3e1f221512fb88c7d09f6
chvenni_peoples,“ჩვენები - სახლხო პარტია“,21,თამარ კეზევაძე,თამარ,კეზევაძე,,,უპარტიო,chvenebi_sia_2016.pdf,1,56e8e6d98b4391e94f7be47e000f1011136babdacef3e1f221512fb88c7d09f6
chvenni_peoples,“ჩვენები - სახლხო პარტია“,22,უჩა ქედელიძე,უჩა,ქედელიძე,,,უპარტიო,chvenebi_sia_2016.pdf,1,56e8e6d98b4391e94f7be47e000f1011136babdacef3e1f221512fb88c7d09f6
chvenni_peoples,“ჩვენები - სახლხო პარტია“,23,იოსებ დავითაძე,იოსებ,დავითაძე,,,უპარტიო,chvenebi_sia_2016.pdf,1,56e8e6d98b4391e94f7be47e000f1011136babdacef3e1f221512fb88c7d09f6
chvenni_peoples,“ჩვენები - სახლხო პარტია“,24,თენგიზ გოგიტიძე,თენგიზ,გოგიტიძე,,,უპარტიო,chvenebi_sia_2016.pdf,1,56e8e6d98b4391e94f7be47e000f1011136babdacef3e1f221512fb88c7d09f6
chvenni_peoples,“ჩვენები - სახლხო პარტია“,25,ნოდარი აბაშიძე,ნოდარი,აბაშიძე,,,უპარტიო,chvenebi_sia_2016.pdf,1,56e8e6d98b4391e94f7be47e000f1011136babdacef3e1f221512fb88c7d09f6
chvenni_peoples,“ჩვენები - სახლხო პარტია“,26,დავით ბერიძე,დავით,ბერიძე,,,უპარტიო,chvenebi_sia_2016.pdf,1,56e8e6d98b4391e94f7be47e000f1011136babdacef3e1f221512fb88c7d09f6
chvenni_peoples,“ჩვენები - სახლხო პარტია“,27,მაია გოგიტიძე,მაია,გოგიტიძე,,,უპარტიო,chvenebi_sia_2016.pdf,1,56e8e6d98b4391e94f7be47e000f1011136babdacef3e1f221512fb88c7d09f6
chvenni_peoples,“ჩვენები - სახლხო პარტია“,28,ზვიად ქამადაძე,ზვიად,ქამადაძე,,,უპარტიო,chvenebi_sia_2016.pdf,1,56e8e6d98b4391e94f7be47e000f1011136babdacef3e1f221512fb88c7d09f6
serve_georgia_2016,"„მურმან დუმბაძე,მედე ვასაძე - ემსახურე საქართველოს“",1,მურმან დუმბაძე,მურმან,დუმბაძე,,,მ.პ.გ. „ემსახურე საქართველოს“,emsaxure_saqart_sia_2016.pdf,1,7ee7e8cbe33576f2a4c8fcf4d8e091b885012a114f89647d668eaf7259c54a88
serve_georgia_2016,"„მურმან დუმბაძე,მედე ვასაძე - ემსახურე საქართველოს“",2,მედეა ვასაძე,მედეა,ვასაძე,70,ბათუმი,მ.პ.გ. „ემსახურე საქართველოს“,emsaxure_saqart_sia_2016.pdf,1,7ee7e8cbe33576f2a4c8fcf4d8e091b885012a114f89647d668eaf7259c54a88
serve_georgia_2016,"„მურმან დუმბაძე,მედე ვასაძე - ემსახურე საქართველოს“",3,ნუგზარ კეკელიძე,ნუგზარ,კეკელიძე,,,მ.პ.გ. „ემსახურე საქართველოს“,emsaxure_saqart_sia_2016.pdf,1,7ee7e8cbe33576f2a4c8fcf4d8e091b885012a114f89647d668eaf7259c54a88
serve_georgia_2016,"„მურმან დუმბაძე,მედე ვასაძე - ემსახურე საქართველოს“",4,ამირან ცეცხლაძე,ამირან,ცეცხლაძე,,,მ.პ.გ. „ემსახურე საქართველოს“,emsaxure_saqart_sia_2016.pdf,1,7ee7e8cbe33576f2a4c8fcf4d8e091b885012a114f89647d668eaf7259c54a88
serve_georgia_2016,"„მურმან დუმბაძე,მედე ვასაძე - ემსახურე საქართველოს“",5,ბიძინა აფხაზავა,ბიძინა,აფხაზავა,69,ბათუმი,მ.პ.გ. „ემსახურე საქართველოს“,emsaxure_saqart_sia_2016.pdf,1,7ee7e8cbe33576f2a4c8fcf4d8e091b885012a114f89647d668eaf7259c54a88
serve_georgia_2016,"„მურმან დუმბაძე,მედე ვასაძე - ემსახურე საქართველოს“",6,ლიანა აბულაძე,ლიანა,აბულაძე,68,ბათუმი,მ.პ.გ. „ემსახურე საქართველოს“,emsaxure_saqart_sia_2016.pdf,1,7ee7e8cbe33576f2a4c8fcf4d8e091b885012a114f89647d668eaf7259c54a88
serve_georgia_2016,"„მურმან დუმბაძე,მედე ვასაძე - ემსახურე საქართველოს“",7,ნოდარი ხახუტაიშვილი,ნოდარი,ხახუტაიშვილი,71,ქობულეთი,მ.პ.გ. „ემსახურე საქართველოს“,emsaxure_saqart_sia_2016.pdf,1,7ee7e8cbe33576f2a4c8fcf4d8e091b885012a114f89647d668eaf7259c54a88
serve_georgia_2016,"„მურმან დუმბაძე,მედე ვასაძე - ემსახურე საქართველოს“",8,მალხაზი ხიმშიაშვილი,მალხაზი,ხიმშიაშვილი,73,ხულო,მ.პ.გ. „ემსახურე საქართველოს“,emsaxure_saqart_sia_2016.pdf,1,7ee7e8cbe33576f2a4c8fcf4d8e091b885012a114f89647d668eaf7259c54a88
serve_georgia_2016,"„მურმან დუმბაძე,მედე ვასაძე - ემსახურე საქართველოს“",9,ბიძინა დუმბაძე,ბიძინა,დუმბაძე,72,ხელვაჩაური,მ.პ.გ. „ემსახურე საქართველოს“,emsaxure_saqart_sia_2016.pdf,1,7ee7e8cbe33576f2a4c8fcf4d8e091b885012a114f89647d668eaf7259c54a88
serve_georgia_2016,"„მურმან დუმბაძე,მედე ვასაძე - ემსახურე საქართველოს“",10,ნაზი დვალიძე,ნაზი,დვალიძე,,,მ.პ.გ. „ემსახურე საქართველოს“,emsaxure_saqart_sia_2016.pdf,1,7ee7e8cbe33576f2a4c8fcf4d8e091b885012a114f89647d668eaf7259c54a88
serve_georgia_2016,"„მურმან დუმბაძე,მედე ვასაძე - ემსახურე საქართველოს“",11,ჯუმბერ შაინიძე,ჯუმბერ,შაინიძე,,,მ.პ.გ. „ემსახურე საქართველოს“,emsaxure_saqart_sia_2016.pdf,1,7ee7e8cbe33576f2a4c8fcf4d8e091b885012a114f89647d668eaf7259c54a88
serve_georgia_2016,"„მურმან დუმბაძე,მედე ვასაძე - ემსახურე საქართველოს“",12,გიორგი გორაძე,გიორგი,გორაძე,,,მ.პ.გ. „ემსახურე საქართველოს“,emsaxure_saqart_sia_2016.pdf,1,7ee7e8cbe33576f2a4c8fcf4d8e091b885012a114f89647d668eaf7259c54a88
serve_georgia_2016,"„მურმან დუმბაძე,მედე ვასაძე - ემსახურე საქართველოს“",13,ავთანდილ ჭოლაძე,ავთანდილ,ჭოლაძე,,,მ.პ.გ. „ემსახურე საქართველოს“,emsaxure_saqart_sia_2016.pdf,1,7ee7e8cbe33576f2a4c8fcf4d8e091b885012a114f89647d668eaf7259c54a88
serve_georgia_2016,"„მურმან დუმბაძე,მედე ვასაძე - ემსახურე საქართველოს“",14,ნათელა ბახტაძე,ნათელა,ბახტაძე,,,მ.პ.გ. „ემსახურე საქართველოს“,emsaxure_saqart_sia_2016.pdf,1,7ee7e8cbe33576f2a4c8fcf4d8e091b885012a114f89647d668eaf7259c54a88
serve_georgia_2016,"„მურმან დუმბაძე,მედე ვასაძე - ემსახურე საქართველოს“",15,რუსლან მალაყმაძე,რუსლან,მალაყმაძე,,,უპარტიო,emsaxure_saqart_sia_2016.pdf,1,7ee7e8cbe33576f2a4c8fcf4d8e091b885012a114f89647d668eaf7259c54a88
serve_georgia_2016,"„მურმან დუმბაძე,მედე ვასაძე - ემსახურე საქართველოს“",16,თამარი თაბუკაშვილი,თამარი,თაბუკაშვილი,,,მ.პ.გ. „ემსახურე საქართველოს“,emsaxure_saqart_sia_2016.pdf,1,7ee7e8cbe33576f2a4c8fcf4d8e091b885012a114f89647d668eaf7259c54a88
serve_georgia_2016,"„მურმან დუმბაძე,მედე ვასაძე - ემსახურე საქართველოს“",17,შოთა ბერიძე,შოთა,ბერიძე,,,უპარტიო,emsaxure_saqart_sia_2016.pdf,1,7ee7e8cbe33576f2a4c8fcf4d8e091b885012a114f89647d668eaf7259c54a88
serve_georgia_2016,"„მურმან დუმბაძე,მედე ვასაძე - ემსახურე საქართველოს“",18,ლელა კირკიტაძე,ლელა,კირკიტაძე,,,უპარტიო,emsaxure_saqart_sia_2016.pdf,1,7ee7e8cbe33576f2a4c8fcf4d8e091b885012a114f89647d668eaf7259c54a88
serve_georgia_2016,"„მურმან დუმბაძე,მედე ვასაძე - ემსახურე საქართველოს“",19,ზაური დუნდუა,ზაური,დუნდუა,,,უპარტიო,emsaxure_saqart_sia_2016.pdf,1,7ee7e8cbe33576f2a4c8fcf4d8e091b885012a114f89647d668eaf7259c54a88
serve_georgia_2016,"„მურმან დუმბაძე,მედე ვასაძე - ემსახურე საქართველოს“",20,მზია ჯორბენაძე,მზია,ჯორბენაძე,,,უპარტიო,emsaxure_saqart_sia_2016.pdf,1,7ee7e8cbe33576f2a4c8fcf4d8e091b885012a114f89647d668eaf7259c54a88
serve_georgia_2016,"„მურმან დუმბაძე,მედე ვასაძე - ემსახურე საქართველოს“",21,თორნიკე ბერიძე,თორნიკე,ბერიძე,,,უპარტიო,emsaxure_saqart_sia_2016.pdf,1,7ee7e8cbe33576f2a4c8fcf4d8e091b885012a114f89647d668eaf7259c54a88
serve_georgia_2016,"„მურმან დუმბაძე,მედე ვასაძე - ემსახურე საქართველოს“",22,როინ კახიძე,როინ,კახიძე,,,უპარტიო,emsaxure_saqart_sia_2016.pdf,2,7ee7e8cbe33576f2a4c8fcf4d8e091b885012a114f89647d668eaf7259c54a88
serve_georgia_2016,"„მურმან დუმბაძე,მედე ვასაძე - ემსახურე საქართველოს“",23,ნათელა ფუტკარაძე,ნათელა,ფუტკარაძე,,,მ.პ.გ. „ემსახურე საქართველოს“,emsaxure_saqart_sia_2016.pdf,2,7ee7e8cbe33576f2a4c8fcf4d8e091b885012a114f89647d668eaf7259c54a88
serve_georgia_2016,"„მურმან დუმბაძე,მედე ვასაძე - ემსახურე საქართველოს“",24,თემურ ნოღაიდელი,თემურ,ნოღაიდელი,,,უპარტიო,emsaxure_saqart_sia_2016.pdf,2,7ee7e8cbe33576f2a4c8fcf4d8e091b885012a114f89647d668eaf7259c54a88
serve_georgia_2016,"„მურმან დუმბაძე,მედე ვასაძე - ემსახურე საქართველოს“",25,ალეკო დიასამიძე,ალეკო,დიასამიძე,,,მ.პ.გ. „ემსახურე საქართველოს“,emsaxure_saqart_sia_2016.pdf,2,7ee7e8cbe33576f2a4c8fcf4d8e091b885012a114f89647d668eaf7259c54a88
serve_georgia_2016,"„მურმან დუმბაძე,მედე ვასაძე - ემსახურე საქართველოს“",26,თემურ თურმანიძე,თემურ,თურმანიძე,,,მ.პ.გ. „ემსახურე საქართველოს“,emsaxure_saqart_sia_2016.pdf,2,7ee7e8cbe33576f2a4c8fcf4d8e091b885012a114f89647d668eaf7259c54a88
serve_georgia_2016,"„მურმან დუმბაძე,მედე ვასაძე - ემსახურე საქართველოს“",27,ბაია სირაძე,ბაია,სირაძე,,,უპარტიო,emsaxure_saqart_sia_2016.pdf,2,7ee7e8cbe33576f2a4c8fcf4d8e091b885012a114f89647d668eaf7259c54a88
serve_georgia_2016,"„მურმან დუმბაძე,მედე ვასაძე - ემსახურე საქართველოს“",28,ნათია დუმბაძე,ნათია,დუმბაძე,,,მ.პ.გ. „ემსახურე საქართველოს“,emsaxure_saqart_sia_2016.pdf,2,7ee7e8cbe33576f2a4c8fcf4d8e091b885012a114f89647d668eaf7259c54a88
serve_georgia_2016,"„მურმან დუმბაძე,მედე ვასაძე - ემსახურე საქართველოს“",29,სოფო ბერიძე,სოფო,ბერიძე,,,მ.პ.გ. „ემსახურე საქართველოს“,emsaxure_saqart_sia_2016.pdf,2,7ee7e8cbe33576f2a4c8fcf4d8e091b885012a114f89647d668eaf7259c54a88
serve_georgia_2016,"„მურმან დუმბაძე,მედე ვასაძე - ემსახურე საქართველოს“",30,ალიასბეგ ყულეჯიშვილი,ალიასბეგ,ყულეჯიშვილი,,,მ.პ.გ. „ემსახურე საქართველოს“,emsaxure_saqart_sia_2016.pdf,2,7ee7e8cbe33576f2a4c8fcf4d8e091b885012a114f89647d668eaf7259c54a88
serve_georgia_2016,"„მურმან დუმბაძე,მედე ვასაძე - ემსახურე საქართველოს“",31,ქეთევან სურმანიძე,ქეთევან,სურმანიძე,,,მ.პ.გ. „ემსახურე საქართველოს“,emsaxure_saqart_sia_2016.pdf,2,7ee7e8cbe33576f2a4c8fcf4d8e091b885012a114f89647d668eaf7259c54a88
serve_georgia_2016,"„მურმან დუმბაძე,მედე ვასაძე - ემსახურე საქართველოს“",32,გურამი დუმბაძე,გურამი,დუმბაძე,,,უპარტიო,emsaxure_saqart_sia_2016.pdf,2,7ee7e8cbe33576f2a4c8fcf4d8e091b885012a114f89647d668eaf7259c54a88
