electoral_district_id,raw_vote_code,party_id,name_ka,first_name,last_name,party_label
1,2,republicans_2008,ივლიანე ხაინდრავა,ივლიანე,ხაინდრავა,საქართველოს რესპუბლიკური პარტია
1,3,right_alliance_2008,ზაურ მესხიშვილი,ზაურ,მესხიშვილი,"“მემარჯვენე ალიანსი, თოფაძე–მრეწველები (მ.გ.ს., ერთობა, ე.დ.პ.)”"
1,4,labour,ელიზბარ ჯაველიძე,ელიზბარ,ჯაველიძე,“შალვა ნათელაშვილი – საქართველოს ლეიბორისტული პარტია”
1,5,unm,არჩილ გეგენავა,არჩილ,გეგენავა,“ერთიანი ნაციონალური მოძრაობა – გამარჯვებული საქართველოსთვის”
1,7,united_opposition_2008,გია თორთლაძე,გია,თორთლაძე,"“გაერთიანებული ოპოზიცია (ეროვნული საბჭო, მემარჯვენეები)”"
1,9,christian_democratic_alliance_2008,ავთანდილ კახნიაშვილი,ავთანდილ,კახნიაშვილი,პოლიტიკური გაერთიანება “ქრისტიანულ-დემოკრატიული ალიანსი (ქდა)”
1,10,christian_democrats_2008,ლევან ღვინჯილია,ლევან,ღვინჯილია,“გიორგი თარგამაძე – ქრისტიან-დემოკრატები”
1,11,traditionalists,ნინო იაშვილი,ნინო,იაშვილი,“ტრადიციონალისტები – ჩვენი საქართველო და ქალთა პარტია”
2,2,republicans_2008,ლევან ბერძენიშვილი,ლევან,ბერძენიშვილი,საქართველოს რესპუბლიკური პარტია
2,4,labour,ლეილა გაფრინდაშვილი,ლეილა,გაფრინდაშვილი,“შალვა ნათელაშვილი – საქართველოს ლეიბორისტული პარტია”
2,5,unm,ზაალ გამცემლიძე,ზაალ,გამცემლიძე,“ერთიანი ნაციონალური მოძრაობა – გამარჯვებული საქართველოსთვის”
2,7,united_opposition_2008,დავით გამყრელიძე,დავით,გამყრელიძე,"“გაერთიანებული ოპოზიცია (ეროვნული საბჭო, მემარჯვენეები)”"
2,9,christian_democratic_alliance_2008,გიორგი გაჩეჩილაძე,გიორგი,გაჩეჩილაძე,პოლიტიკური გაერთიანება “ქრისტიანულ-დემოკრატიული ალიანსი (ქდა)”
2,11,traditionalists,ირმა ჯანგირაშვილი,ირმა,ჯანგირაშვილი,“ტრადიციონალისტები – ჩვენი საქართველო და ქალთა პარტია”
3,2,republicans_2008,თინათინ ხიდაშელი,თინათინ,ხიდაშელი,საქართველოს რესპუბლიკური პარტია
3,3,right_alliance_2008,გიორგი ანდრიაძე,გიორგი,ანდრიაძე,"“მემარჯვენე ალიანსი, თოფაძე–მრეწველები (მ.გ.ს., ერთობა, ე.დ.პ.)”"
3,4,labour,თამაზ შიოშვილი,თამაზ,შიოშვილი,“შალვა ნათელაშვილი – საქართველოს ლეიბორისტული პარტია”
3,5,unm,გიორგი მელაძე,გიორგი,მელაძე,“ერთიანი ნაციონალური მოძრაობა – გამარჯვებული საქართველოსთვის”
3,7,united_opposition_2008,რევაზ შავიშვილი,რევაზ,შავიშვილი,"“გაერთიანებული ოპოზიცია (ეროვნული საბჭო, მემარჯვენეები)”"
3,9,christian_democratic_alliance_2008,გიორგი მაისაშვილი,გიორგი,მაისაშვილი,პოლიტიკური გაერთიანება “ქრისტიანულ-დემოკრატიული ალიანსი (ქდა)”
3,10,christian_democrats_2008,მაგდალინა ანიკაშვილი,მაგდალინა,ანიკაშვილი,“გიორგი თარგამაძე – ქრისტიან-დემოკრატები”
3,11,traditionalists,ლია მუხაშავრია,ლია,მუხაშავრია,“ტრადიციონალისტები – ჩვენი საქართველო და ქალთა პარტია”
3,12,our_country_2008,უშანგი დონჯაშვილი,უშანგი,დონჯაშვილი,საქართველოს პოლიტიკური პარტია “ჩვენი ქვეყანა”
4,4,labour,ავთანდილ აბაშიძე,ავთანდილ,აბაშიძე,“შალვა ნათელაშვილი – საქართველოს ლეიბორისტული პარტია”
4,5,unm,დილარ ხაბულიანი,დილარ,ხაბულიანი,“ერთიანი ნაციონალური მოძრაობა – გამარჯვებული საქართველოსთვის”
4,7,united_opposition_2008,გიორგი ხაინდრავა,გიორგი,ხაინდრავა,"“გაერთიანებული ოპოზიცია (ეროვნული საბჭო, მემარჯვენეები)”"
4,9,christian_democratic_alliance_2008,დავით ჭეიშვილი,დავით,ჭეიშვილი,პოლიტიკური გაერთიანება “ქრისტიანულ-დემოკრატიული ალიანსი (ქდა)”
4,11,traditionalists,ციური გარუჩავა,ციური,გარუჩავა,“ტრადიციონალისტები – ჩვენი საქართველო და ქალთა პარტია”
5,2,republicans_2008,ვახტანგ ხმალაძე,ვახტანგ,ხმალაძე,საქართველოს რესპუბლიკური პარტია
5,4,labour,დავით გოგუა,დავით,გოგუა,“შალვა ნათელაშვილი – საქართველოს ლეიბორისტული პარტია”
5,5,unm,გიორგი გოგუაძე,გიორგი,გოგუაძე,“ერთიანი ნაციონალური მოძრაობა – გამარჯვებული საქართველოსთვის”
5,7,united_opposition_2008,ზვიად ძიძიგური,ზვიად,ძიძიგური,"“გაერთიანებული ოპოზიცია (ეროვნული საბჭო, მემარჯვენეები)”"
5,9,christian_democratic_alliance_2008,გიორგი კობახიძე,გიორგი,კობახიძე,პოლიტიკური გაერთიანება “ქრისტიანულ-დემოკრატიული ალიანსი (ქდა)”
5,11,traditionalists,დავით ჭიჭინაძე,დავით,ჭიჭინაძე,“ტრადიციონალისტები – ჩვენი საქართველო და ქალთა პარტია”
6,2,republicans_2008,გულო ზუმბაძე,გულო,ზუმბაძე,საქართველოს რესპუბლიკური პარტია
6,3,right_alliance_2008,ლევან მამალაძე,ლევან,მამალაძე,"“მემარჯვენე ალიანსი, თოფაძე–მრეწველები (მ.გ.ს., ერთობა, ე.დ.პ.)”"
6,4,labour,კახაბერ ძაგანია,კახაბერ,ძაგანია,“შალვა ნათელაშვილი – საქართველოს ლეიბორისტული პარტია”
6,5,unm,რუსუდან კერვალიშვილი,რუსუდან,კერვალიშვილი,“ერთიანი ნაციონალური მოძრაობა – გამარჯვებული საქართველოსთვის”
6,7,united_opposition_2008,ლევან გაჩეჩილაძე,ლევან,გაჩეჩილაძე,"“გაერთიანებული ოპოზიცია (ეროვნული საბჭო, მემარჯვენეები)”"
6,12,our_country_2008,დოდო თხელიძე,დოდო,თხელიძე,საქართველოს პოლიტიკური პარტია “ჩვენი ქვეყანა”
7,1,georgian_politics_2008,ზურაბ კოკაია,ზურაბ,კოკაია,მოქალაქეთა პოლიტიკური გაერთიანება “ქართული პოლიტიკა”
7,4,labour,რევაზ მიშველაძე,რევაზ,მიშველაძე,“შალვა ნათელაშვილი – საქართველოს ლეიბორისტული პარტია”
7,5,unm,ლაშა ჟვანია,ლაშა,ჟვანია,“ერთიანი ნაციონალური მოძრაობა – გამარჯვებული საქართველოსთვის”
7,7,united_opposition_2008,კონსტანტინე გუნცაძე,კონსტანტინე,გუნცაძე,"“გაერთიანებული ოპოზიცია (ეროვნული საბჭო, მემარჯვენეები)”"
7,9,christian_democratic_alliance_2008,დავით ჩხეიძე,დავით,ჩხეიძე,პოლიტიკური გაერთიანება “ქრისტიანულ-დემოკრატიული ალიანსი (ქდა)”
7,11,traditionalists,გუგული მაღრაძე,გუგული,მაღრაძე,“ტრადიციონალისტები – ჩვენი საქართველო და ქალთა პარტია”
7,12,our_country_2008,თამაზ ბიბილური,თამაზ,ბიბილური,საქართველოს პოლიტიკური პარტია “ჩვენი ქვეყანა”
8,2,republicans_2008,დავით ზურაბიშვილი,დავით,ზურაბიშვილი,საქართველოს რესპუბლიკური პარტია
8,4,labour,ჯემალ ნათელაშვილი,ჯემალ,ნათელაშვილი,“შალვა ნათელაშვილი – საქართველოს ლეიბორისტული პარტია”
8,5,unm,ვლადიმერ კვარაცხელია,ვლადიმერ,კვარაცხელია,“ერთიანი ნაციონალური მოძრაობა – გამარჯვებული საქართველოსთვის”
8,7,united_opposition_2008,დავით საგანელიძე,დავით,საგანელიძე,"“გაერთიანებული ოპოზიცია (ეროვნული საბჭო, მემარჯვენეები)”"
8,9,christian_democratic_alliance_2008,კონსტანტინე კინწურაშვილი,კონსტანტინე,კინწურაშვილი,პოლიტიკური გაერთიანება “ქრისტიანულ-დემოკრატიული ალიანსი (ქდა)”
8,12,our_country_2008,გურამ ჩაჩანიძე,გურამ,ჩაჩანიძე,საქართველოს პოლიტიკური პარტია “ჩვენი ქვეყანა”
9,2,republicans_2008,ირაკლი ბათიაშვილი,ირაკლი,ბათიაშვილი,საქართველოს რესპუბლიკური პარტია
9,4,labour,პაატა ჯიბლაძე,პაატა,ჯიბლაძე,“შალვა ნათელაშვილი – საქართველოს ლეიბორისტული პარტია”
9,5,unm,მერაბ სამადაშვილი,მერაბ,სამადაშვილი,“ერთიანი ნაციონალური მოძრაობა – გამარჯვებული საქართველოსთვის”
9,7,united_opposition_2008,ეკა ბესელია,ეკა,ბესელია,"“გაერთიანებული ოპოზიცია (ეროვნული საბჭო, მემარჯვენეები)”"
9,9,christian_democratic_alliance_2008,კახაბერ გაბინაშვილი,კახაბერ,გაბინაშვილი,პოლიტიკური გაერთიანება “ქრისტიანულ-დემოკრატიული ალიანსი (ქდა)”
10,2,republicans_2008,გენადი კვაჭანტირაძე,გენადი,კვაჭანტირაძე,საქართველოს რესპუბლიკური პარტია
10,4,labour,გიორგი გუგავა,გიორგი,გუგავა,“შალვა ნათელაშვილი – საქართველოს ლეიბორისტული პარტია”
10,5,unm,გიორგი ასანიძე,გიორგი,ასანიძე,“ერთიანი ნაციონალური მოძრაობა – გამარჯვებული საქართველოსთვის”
10,7,united_opposition_2008,კახა კუკავა,კახა,კუკავა,"“გაერთიანებული ოპოზიცია (ეროვნული საბჭო, მემარჯვენეები)”"
10,9,christian_democratic_alliance_2008,ვაჟა ყარაშვილი,ვაჟა,ყარაშვილი,პოლიტიკური გაერთიანება “ქრისტიანულ-დემოკრატიული ალიანსი (ქდა)”
10,10,christian_democrats_2008,თემურ გოცირიძე,თემურ,გოცირიძე,“გიორგი თარგამაძე – ქრისტიან-დემოკრატები”
10,11,traditionalists,მამუკა ლომაშვილი,მამუკა,ლომაშვილი,“ტრადიციონალისტები – ჩვენი საქართველო და ქალთა პარტია”
11,4,labour,ალექსი არაბული,ალექსი,არაბული,“შალვა ნათელაშვილი – საქართველოს ლეიბორისტული პარტია”
11,5,unm,ზაზა გულიკაშვილი,ზაზა,გულიკაშვილი,“ერთიანი ნაციონალური მოძრაობა – გამარჯვებული საქართველოსთვის”
11,7,united_opposition_2008,ნიკოლოზ ორველაშვილი,ნიკოლოზ,ორველაშვილი,"“გაერთიანებული ოპოზიცია (ეროვნული საბჭო, მემარჯვენეები)”"
11,9,christian_democratic_alliance_2008,კობა ელერდაშვილი,კობა,ელერდაშვილი,პოლიტიკური გაერთიანება “ქრისტიანულ-დემოკრატიული ალიანსი (ქდა)”
12,2,republicans_2008,ზვიად ყვირალაშვილი,ზვიად,ყვირალაშვილი,საქართველოს რესპუბლიკური პარტია
12,4,labour,ქეთევან ლაგვილავა,ქეთევან,ლაგვილავა,“შალვა ნათელაშვილი – საქართველოს ლეიბორისტული პარტია”
12,5,unm,გიორგი ღვინიაშვილი,გიორგი,ღვინიაშვილი,“ერთიანი ნაციონალური მოძრაობა – გამარჯვებული საქართველოსთვის”
12,7,united_opposition_2008,ზაალ აბაშიძე,ზაალ,აბაშიძე,"“გაერთიანებული ოპოზიცია (ეროვნული საბჭო, მემარჯვენეები)”"
12,10,christian_democrats_2008,გიორგი ხაზიური,გიორგი,ხაზიური,“გიორგი თარგამაძე – ქრისტიან-დემოკრატები”
12,11,traditionalists,ლევან ჭიღლაშვილი,ლევან,ჭიღლაშვილი,“ტრადიციონალისტები – ჩვენი საქართველო და ქალთა პარტია”
13,2,republicans_2008,ზაზა ხატიაშვილი,ზაზა,ხატიაშვილი,საქართველოს რესპუბლიკური პარტია
13,4,labour,გოჩა ბეგიაშვილი,გოჩა,ბეგიაშვილი,“შალვა ნათელაშვილი – საქართველოს ლეიბორისტული პარტია”
13,5,unm,ნუგზარ აბულაშვილი,ნუგზარ,აბულაშვილი,“ერთიანი ნაციონალური მოძრაობა – გამარჯვებული საქართველოსთვის”
13,7,united_opposition_2008,მალხაზ ხუციშვილი,მალხაზ,ხუციშვილი,"“გაერთიანებული ოპოზიცია (ეროვნული საბჭო, მემარჯვენეები)”"
13,9,christian_democratic_alliance_2008,თამაზ ბეიტრიშვილი,თამაზ,ბეიტრიშვილი,პოლიტიკური გაერთიანება “ქრისტიანულ-დემოკრატიული ალიანსი (ქდა)”
13,10,christian_democrats_2008,გიორგი ფხოველიშვილი,გიორგი,ფხოველიშვილი,“გიორგი თარგამაძე – ქრისტიან-დემოკრატები”
14,2,republicans_2008,ვლადიმერ ჩარბოდაშვილი,ვლადიმერ,ჩარბოდაშვილი,საქართველოს რესპუბლიკური პარტია
14,4,labour,სიმონ კობაიძე,სიმონ,კობაიძე,“შალვა ნათელაშვილი – საქართველოს ლეიბორისტული პარტია”
14,5,unm,ავთანდილ ლეკაშვილი,ავთანდილ,ლეკაშვილი,“ერთიანი ნაციონალური მოძრაობა – გამარჯვებული საქართველოსთვის”
14,7,united_opposition_2008,გიორგი ბენაშვილი,გიორგი,ბენაშვილი,"“გაერთიანებული ოპოზიცია (ეროვნული საბჭო, მემარჯვენეები)”"
15,2,republicans_2008,დავით მაისურაძე,დავით,მაისურაძე,საქართველოს რესპუბლიკური პარტია
15,3,right_alliance_2008,ნუგზარ ფალიანი,ნუგზარ,ფალიანი,"“მემარჯვენე ალიანსი, თოფაძე–მრეწველები (მ.გ.ს., ერთობა, ე.დ.პ.)”"
15,4,labour,ქეთევან ტალახაძე,ქეთევან,ტალახაძე,“შალვა ნათელაშვილი – საქართველოს ლეიბორისტული პარტია”
15,5,unm,გურამ კაკალაშვილი,გურამ,კაკალაშვილი,“ერთიანი ნაციონალური მოძრაობა – გამარჯვებული საქართველოსთვის”
15,7,united_opposition_2008,ხვიჩა ყაველაშვილი,ხვიჩა,ყაველაშვილი,"“გაერთიანებული ოპოზიცია (ეროვნული საბჭო, მემარჯვენეები)”"
15,10,christian_democrats_2008,ზვიად ხვედელიძე,ზვიად,ხვედელიძე,“გიორგი თარგამაძე – ქრისტიან-დემოკრატები”
16,2,republicans_2008,ვანო ლომიძე,ვანო,ლომიძე,საქართველოს რესპუბლიკური პარტია
16,4,labour,ალექსანდრე რუსიაშვილი,ალექსანდრე,რუსიაშვილი,“შალვა ნათელაშვილი – საქართველოს ლეიბორისტული პარტია”
16,5,unm,ზაზა გელაშვილი,ზაზა,გელაშვილი,“ერთიანი ნაციონალური მოძრაობა – გამარჯვებული საქართველოსთვის”
16,7,united_opposition_2008,სანდრო გიორგაშვილი,სანდრო,გიორგაშვილი,"“გაერთიანებული ოპოზიცია (ეროვნული საბჭო, მემარჯვენეები)”"
16,9,christian_democratic_alliance_2008,ნიკოლოზ მიქაუტიძე,ნიკოლოზ,მიქაუტიძე,პოლიტიკური გაერთიანება “ქრისტიანულ-დემოკრატიული ალიანსი (ქდა)”
16,10,christian_democrats_2008,ალექსანდრე კეწელაშვილი,ალექსანდრე,კეწელაშვილი,“გიორგი თარგამაძე – ქრისტიან-დემოკრატები”
17,2,republicans_2008,ავთანდილ ღელაღუტაშვილი,ავთანდილ,ღელაღუტაშვილი,საქართველოს რესპუბლიკური პარტია
17,4,labour,დალი აბაშიძე,დალი,აბაშიძე,“შალვა ნათელაშვილი – საქართველოს ლეიბორისტული პარტია”
17,5,unm,გიორგი არსენიშვილი,გიორგი,არსენიშვილი,“ერთიანი ნაციონალური მოძრაობა – გამარჯვებული საქართველოსთვის”
17,7,united_opposition_2008,ფიქრია ჩიხრაძე,ფიქრია,ჩიხრაძე,"“გაერთიანებული ოპოზიცია (ეროვნული საბჭო, მემარჯვენეები)”"
17,9,christian_democratic_alliance_2008,ბადრი გაბაშვილი,ბადრი,გაბაშვილი,პოლიტიკური გაერთიანება “ქრისტიანულ-დემოკრატიული ალიანსი (ქდა)”
17,10,christian_democrats_2008,ზაქარია ზაქარიაძე,ზაქარია,ზაქარიაძე,“გიორგი თარგამაძე – ქრისტიან-დემოკრატები”
17,11,traditionalists,ზურაბ ბეგიაშვილი,ზურაბ,ბეგიაშვილი,“ტრადიციონალისტები – ჩვენი საქართველო და ქალთა პარტია”
17,12,our_country_2008,გიორგი კევლიშვილი,გიორგი,კევლიშვილი,საქართველოს პოლიტიკური პარტია “ჩვენი ქვეყანა”
18,2,republicans_2008,მერაბ ქათამაძე,მერაბ,ქათამაძე,საქართველოს რესპუბლიკური პარტია
18,4,labour,ეთერ მიქელაძე,ეთერ,მიქელაძე,“შალვა ნათელაშვილი – საქართველოს ლეიბორისტული პარტია”
18,5,unm,პეტრე ცისკარიშვილი,პეტრე,ცისკარიშვილი,“ერთიანი ნაციონალური მოძრაობა – გამარჯვებული საქართველოსთვის”
18,7,united_opposition_2008,არჩილ სულაკაური,არჩილ,სულაკაური,"“გაერთიანებული ოპოზიცია (ეროვნული საბჭო, მემარჯვენეები)”"
19,3,right_alliance_2008,პაატა ქუმსიაშვილი,პაატა,ქუმსიაშვილი,"“მემარჯვენე ალიანსი, თოფაძე–მრეწველები (მ.გ.ს., ერთობა, ე.დ.პ.)”"
19,4,labour,დავით მგელიაშვილი,დავით,მგელიაშვილი,“შალვა ნათელაშვილი – საქართველოს ლეიბორისტული პარტია”
19,5,unm,ზაზა მადურაშვილი,ზაზა,მადურაშვილი,“ერთიანი ნაციონალური მოძრაობა – გამარჯვებული საქართველოსთვის”
19,7,united_opposition_2008,ალექსი ქავთარაძე,ალექსი,ქავთარაძე,"“გაერთიანებული ოპოზიცია (ეროვნული საბჭო, მემარჯვენეები)”"
19,8,radical_democrats_2008,არჩილ ზარიძე,არჩილ,ზარიძე,“სრულიად საქართველოს რადიკალ-დემოკრატთა ნაციონალური პარტია”
20,2,republicans_2008,მზია სულაძე,მზია,სულაძე,საქართველოს რესპუბლიკური პარტია
20,4,labour,კობა ჩალაძე,კობა,ჩალაძე,“შალვა ნათელაშვილი – საქართველოს ლეიბორისტული პარტია”
20,5,unm,დავით ნადაშვილი,დავით,ნადაშვილი,“ერთიანი ნაციონალური მოძრაობა – გამარჯვებული საქართველოსთვის”
20,7,united_opposition_2008,კახაბერ შარტავა,კახაბერ,შარტავა,"“გაერთიანებული ოპოზიცია (ეროვნული საბჭო, მემარჯვენეები)”"
20,9,christian_democratic_alliance_2008,აკაკი ჩხეიძე,აკაკი,ჩხეიძე,პოლიტიკური გაერთიანება “ქრისტიანულ-დემოკრატიული ალიანსი (ქდა)”
20,10,christian_democrats_2008,გიორგი მელიქიძე,გიორგი,მელიქიძე,“გიორგი თარგამაძე – ქრისტიან-დემოკრატები”
21,2,republicans_2008,ალი ბაბაევი,ალი,ბაბაევი,საქართველოს რესპუბლიკური პარტია
21,5,unm,დავით მახნიაშვილი,დავით,მახნიაშვილი,“ერთიანი ნაციონალური მოძრაობა – გამარჯვებული საქართველოსთვის”
21,7,united_opposition_2008,დავით ბაციკაძე,დავით,ბაციკაძე,"“გაერთიანებული ოპოზიცია (ეროვნული საბჭო, მემარჯვენეები)”"
21,9,christian_democratic_alliance_2008,ფაზილ ალიევი,ფაზილ,ალიევი,პოლიტიკური გაერთიანება “ქრისტიანულ-დემოკრატიული ალიანსი (ქდა)”
22,2,republicans_2008,ქამილ ალიევი,ქამილ,ალიევი,საქართველოს რესპუბლიკური პარტია
22,5,unm,აზერ სულეიმანოვი,აზერ,სულეიმანოვი,“ერთიანი ნაციონალური მოძრაობა – გამარჯვებული საქართველოსთვის”
22,7,united_opposition_2008,ბეჟან გუნავა,ბეჟან,გუნავა,"“გაერთიანებული ოპოზიცია (ეროვნული საბჭო, მემარჯვენეები)”"
22,9,christian_democratic_alliance_2008,არზუ ბაბაქიშიევი,არზუ,ბაბაქიშიევი,პოლიტიკური გაერთიანება “ქრისტიანულ-დემოკრატიული ალიანსი (ქდა)”
22,10,christian_democrats_2008,მთვარისა ნავერიანი,მთვარისა,ნავერიანი,“გიორგი თარგამაძე – ქრისტიან-დემოკრატები”
22,11,traditionalists,არზუ ჰასანოვი,არზუ,ჰასანოვი,“ტრადიციონალისტები – ჩვენი საქართველო და ქალთა პარტია”
23,2,republicans_2008,დავით ასპანიძე,დავით,ასპანიძე,საქართველოს რესპუბლიკური პარტია
23,4,labour,ლეილა ნიჟარაძე,ლეილა,ნიჟარაძე,“შალვა ნათელაშვილი – საქართველოს ლეიბორისტული პარტია”
23,5,unm,კობა ნაყოფია,კობა,ნაყოფია,“ერთიანი ნაციონალური მოძრაობა – გამარჯვებული საქართველოსთვის”
23,7,united_opposition_2008,მურმან ყურაშვილი,მურმან,ყურაშვილი,"“გაერთიანებული ოპოზიცია (ეროვნული საბჭო, მემარჯვენეები)”"
23,8,radical_democrats_2008,აბაი ფაშაევი,აბაი,ფაშაევი,“სრულიად საქართველოს რადიკალ-დემოკრატთა ნაციონალური პარტია”
23,9,christian_democratic_alliance_2008,მიხეილ ობოლაძე,მიხეილ,ობოლაძე,პოლიტიკური გაერთიანება “ქრისტიანულ-დემოკრატიული ალიანსი (ქდა)”
23,11,traditionalists,მერაბ გოცაძე,მერაბ,გოცაძე,“ტრადიციონალისტები – ჩვენი საქართველო და ქალთა პარტია”
24,4,labour,იოსებ სამხარაძე,იოსებ,სამხარაძე,“შალვა ნათელაშვილი – საქართველოს ლეიბორისტული პარტია”
24,5,unm,კახაბერ ოქრიაშვილი,კახაბერ,ოქრიაშვილი,“ერთიანი ნაციონალური მოძრაობა – გამარჯვებული საქართველოსთვის”
24,7,united_opposition_2008,ტახირ შავერდოვი,ტახირ,შავერდოვი,"“გაერთიანებული ოპოზიცია (ეროვნული საბჭო, მემარჯვენეები)”"
24,10,christian_democrats_2008,ზაურ ციხელაშვილი,ზაურ,ციხელაშვილი,“გიორგი თარგამაძე – ქრისტიან-დემოკრატები”
25,2,republicans_2008,გოდერძი ნარიმანიშვილი,გოდერძი,ნარიმანიშვილი,საქართველოს რესპუბლიკური პარტია
25,4,labour,პაატა ჩოხელი,პაატა,ჩოხელი,“შალვა ნათელაშვილი – საქართველოს ლეიბორისტული პარტია”
25,5,unm,მიხეილ ცქიტიშვილი,მიხეილ,ცქიტიშვილი,“ერთიანი ნაციონალური მოძრაობა – გამარჯვებული საქართველოსთვის”
25,7,united_opposition_2008,ჯემალ ვანაძე,ჯემალ,ვანაძე,"“გაერთიანებული ოპოზიცია (ეროვნული საბჭო, მემარჯვენეები)”"
26,2,republicans_2008,მერაბ ძირკვაძე,მერაბ,ძირკვაძე,საქართველოს რესპუბლიკური პარტია
26,4,labour,ნუნუ ნათობიძე,ნუნუ,ნათობიძე,“შალვა ნათელაშვილი – საქართველოს ლეიბორისტული პარტია”
26,5,unm,დავით ბეჟუაშვილი,დავით,ბეჟუაშვილი,“ერთიანი ნაციონალური მოძრაობა – გამარჯვებული საქართველოსთვის”
26,7,united_opposition_2008,რომან ალთუნაშვილი,რომან,ალთუნაშვილი,"“გაერთიანებული ოპოზიცია (ეროვნული საბჭო, მემარჯვენეები)”"
26,10,christian_democrats_2008,ბადრი ლაზიაშვილი,ბადრი,ლაზიაშვილი,“გიორგი თარგამაძე – ქრისტიან-დემოკრატები”
27,2,republicans_2008,თამარ რომელაშვილი,თამარ,რომელაშვილი,საქართველოს რესპუბლიკური პარტია
27,3,right_alliance_2008,ივანე სისაური,ივანე,სისაური,"“მემარჯვენე ალიანსი, თოფაძე–მრეწველები (მ.გ.ს., ერთობა, ე.დ.პ.)”"
27,4,labour,იოსებ შატბერაშვილი,იოსებ,შატბერაშვილი,“შალვა ნათელაშვილი – საქართველოს ლეიბორისტული პარტია”
27,5,unm,ვახტანგ მარტოლეკი,ვახტანგ,მარტოლეკი,“ერთიანი ნაციონალური მოძრაობა – გამარჯვებული საქართველოსთვის”
27,7,united_opposition_2008,ივანე თათარაშვილი,ივანე,თათარაშვილი,"“გაერთიანებული ოპოზიცია (ეროვნული საბჭო, მემარჯვენეები)”"
27,8,radical_democrats_2008,შალვა კუპრაშვილი,შალვა,კუპრაშვილი,“სრულიად საქართველოს რადიკალ-დემოკრატთა ნაციონალური პარტია”
27,9,christian_democratic_alliance_2008,ნიკოლოზ ლეკიშვილი,ნიკოლოზ,ლეკიშვილი,პოლიტიკური გაერთიანება “ქრისტიანულ-დემოკრატიული ალიანსი (ქდა)”
27,12,our_country_2008,მიხეილ გელიაშვილი,მიხეილ,გელიაშვილი,საქართველოს პოლიტიკური პარტია “ჩვენი ქვეყანა”
28,2,republicans_2008,ქეთევან ველთაური,ქეთევან,ველთაური,საქართველოს რესპუბლიკური პარტია
28,4,labour,შალვა ნათელაშვილი,შალვა,ნათელაშვილი,“შალვა ნათელაშვილი – საქართველოს ლეიბორისტული პარტია”
28,5,unm,კობა ბადაგაძე,კობა,ბადაგაძე,“ერთიანი ნაციონალური მოძრაობა – გამარჯვებული საქართველოსთვის”
28,7,united_opposition_2008,მაია სიხარულიძე,მაია,სიხარულიძე,"“გაერთიანებული ოპოზიცია (ეროვნული საბჭო, მემარჯვენეები)”"
28,8,radical_democrats_2008,ნადეჟდა ძავაშვილი,ნადეჟდა,ძავაშვილი,“სრულიად საქართველოს რადიკალ-დემოკრატთა ნაციონალური პარტია”
29,2,republicans_2008,რომან მარსაგიშვილი,რომან,მარსაგიშვილი,საქართველოს რესპუბლიკური პარტია
29,4,labour,ზაზა ალიბეგაშვილი,ზაზა,ალიბეგაშვილი,“შალვა ნათელაშვილი – საქართველოს ლეიბორისტული პარტია”
29,5,unm,მინდია არაბული,მინდია,არაბული,“ერთიანი ნაციონალური მოძრაობა – გამარჯვებული საქართველოსთვის”
29,7,united_opposition_2008,გოგი ფიცხელაური,გოგი,ფიცხელაური,"“გაერთიანებული ოპოზიცია (ეროვნული საბჭო, მემარჯვენეები)”"
29,10,christian_democrats_2008,გუგუა მარსაგიშვილი,გუგუა,მარსაგიშვილი,“გიორგი თარგამაძე – ქრისტიან-დემოკრატები”
30,2,republicans_2008,ხათუნა თათანაშვილი,ხათუნა,თათანაშვილი,საქართველოს რესპუბლიკური პარტია
30,4,labour,ჯემალ დავლიანიძე,ჯემალ,დავლიანიძე,“შალვა ნათელაშვილი – საქართველოს ლეიბორისტული პარტია”
30,5,unm,კობა კურდღელაშვილი,კობა,კურდღელაშვილი,“ერთიანი ნაციონალური მოძრაობა – გამარჯვებული საქართველოსთვის”
30,7,united_opposition_2008,დავით ბაისონაშვილი,დავით,ბაისონაშვილი,"“გაერთიანებული ოპოზიცია (ეროვნული საბჭო, მემარჯვენეები)”"
30,9,christian_democratic_alliance_2008,ნოდარ მაკრახიძე,ნოდარ,მაკრახიძე,პოლიტიკური გაერთიანება “ქრისტიანულ-დემოკრატიული ალიანსი (ქდა)”
30,10,christian_democrats_2008,დავით დემეტრაშვილი,დავით,დემეტრაშვილი,“გიორგი თარგამაძე – ქრისტიან-დემოკრატები”
31,2,republicans_2008,ზურაბ ღუნაშვილი,ზურაბ,ღუნაშვილი,საქართველოს რესპუბლიკური პარტია
31,3,right_alliance_2008,ნუგზარ ოდიშვილი,ნუგზარ,ოდიშვილი,"“მემარჯვენე ალიანსი, თოფაძე–მრეწველები (მ.გ.ს., ერთობა, ე.დ.პ.)”"
31,4,labour,დავით ვერძეული,დავით,ვერძეული,“შალვა ნათელაშვილი – საქართველოს ლეიბორისტული პარტია”
31,5,unm,დევი ოვაშვილი,დევი,ოვაშვილი,“ერთიანი ნაციონალური მოძრაობა – გამარჯვებული საქართველოსთვის”
32,1,georgian_politics_2008,შალვა ტლაშაძე,შალვა,ტლაშაძე,მოქალაქეთა პოლიტიკური გაერთიანება “ქართული პოლიტიკა”
32,2,republicans_2008,დავით რაზმაძე,დავით,რაზმაძე,საქართველოს რესპუბლიკური პარტია
32,4,labour,ბესიკ საბაშვილი,ბესიკ,საბაშვილი,“შალვა ნათელაშვილი – საქართველოს ლეიბორისტული პარტია”
32,5,unm,გიორგი ტატიშვილი,გიორგი,ტატიშვილი,“ერთიანი ნაციონალური მოძრაობა – გამარჯვებული საქართველოსთვის”
32,7,united_opposition_2008,გიორგი მოსიძე,გიორგი,მოსიძე,"“გაერთიანებული ოპოზიცია (ეროვნული საბჭო, მემარჯვენეები)”"
32,8,radical_democrats_2008,შალვა ცერცვაძე,შალვა,ცერცვაძე,“სრულიად საქართველოს რადიკალ-დემოკრატთა ნაციონალური პარტია”
32,12,our_country_2008,ზურაბ ტიელიძე,ზურაბ,ტიელიძე,საქართველოს პოლიტიკური პარტია “ჩვენი ქვეყანა”
33,2,republicans_2008,ვასილ გიგოლაშვილი,ვასილ,გიგოლაშვილი,საქართველოს რესპუბლიკური პარტია
33,4,labour,ზურაბ ქველაძე,ზურაბ,ქველაძე,“შალვა ნათელაშვილი – საქართველოს ლეიბორისტული პარტია”
33,5,unm,ემზარ გელაშვილი,ემზარ,გელაშვილი,“ერთიანი ნაციონალური მოძრაობა – გამარჯვებული საქართველოსთვის”
33,7,united_opposition_2008,თეირან ნონიაშვილი,თეირან,ნონიაშვილი,"“გაერთიანებული ოპოზიცია (ეროვნული საბჭო, მემარჯვენეები)”"
33,8,radical_democrats_2008,გიორგი მარჯანიძე,გიორგი,მარჯანიძე,“სრულიად საქართველოს რადიკალ-დემოკრატთა ნაციონალური პარტია”
35,2,republicans_2008,ნინო გვენეტაძე,ნინო,გვენეტაძე,საქართველოს რესპუბლიკური პარტია
35,3,right_alliance_2008,ვაჟა შუბითიძე,ვაჟა,შუბითიძე,"“მემარჯვენე ალიანსი, თოფაძე–მრეწველები (მ.გ.ს., ერთობა, ე.დ.პ.)”"
35,4,labour,არჩილ ჩუბინიძე,არჩილ,ჩუბინიძე,“შალვა ნათელაშვილი – საქართველოს ლეიბორისტული პარტია”
35,5,unm,სერგო ქიტიაშვილი,სერგო,ქიტიაშვილი,“ერთიანი ნაციონალური მოძრაობა – გამარჯვებული საქართველოსთვის”
35,7,united_opposition_2008,ბორის ძანაშვილი,ბორის,ძანაშვილი,"“გაერთიანებული ოპოზიცია (ეროვნული საბჭო, მემარჯვენეები)”"
35,8,radical_democrats_2008,ნიკოლოზ მულაძე,ნიკოლოზ,მულაძე,“სრულიად საქართველოს რადიკალ-დემოკრატთა ნაციონალური პარტია”
35,10,christian_democrats_2008,გიორგი გოგალაძე,გიორგი,გოგალაძე,“გიორგი თარგამაძე – ქრისტიან-დემოკრატები”
36,2,republicans_2008,ავთანდილ გონგლაძე,ავთანდილ,გონგლაძე,საქართველოს რესპუბლიკური პარტია
36,5,unm,გიორგი ტალახაძე,გიორგი,ტალახაძე,“ერთიანი ნაციონალური მოძრაობა – გამარჯვებული საქართველოსთვის”
36,7,united_opposition_2008,ზურაბ ხაჩიძე,ზურაბ,ხაჩიძე,"“გაერთიანებული ოპოზიცია (ეროვნული საბჭო, მემარჯვენეები)”"
36,9,christian_democratic_alliance_2008,ირმა ინაშვილი,ირმა,ინაშვილი,პოლიტიკური გაერთიანება “ქრისტიანულ-დემოკრატიული ალიანსი (ქდა)”
36,10,christian_democrats_2008,იზა მიქაძე,იზა,მიქაძე,“გიორგი თარგამაძე – ქრისტიან-დემოკრატები”
37,2,republicans_2008,თამარ გოგოლაძე,თამარ,გოგოლაძე,საქართველოს რესპუბლიკური პარტია
37,4,labour,ნიკოლოზ წოწკოლაური,ნიკოლოზ,წოწკოლაური,“შალვა ნათელაშვილი – საქართველოს ლეიბორისტული პარტია”
37,5,unm,თამაზ პეტრიაშვილი,თამაზ,პეტრიაშვილი,“ერთიანი ნაციონალური მოძრაობა – გამარჯვებული საქართველოსთვის”
37,7,united_opposition_2008,ივანე ბალიაშვილი,ივანე,ბალიაშვილი,"“გაერთიანებული ოპოზიცია (ეროვნული საბჭო, მემარჯვენეები)”"
37,8,radical_democrats_2008,ნიკოლოზ ინასარიძე,ნიკოლოზ,ინასარიძე,“სრულიად საქართველოს რადიკალ-დემოკრატთა ნაციონალური პარტია”
38,2,republicans_2008,ოთარ ლობჟანიძე,ოთარ,ლობჟანიძე,საქართველოს რესპუბლიკური პარტია
38,4,labour,გიორგი ბაღდოშვილი,გიორგი,ბაღდოშვილი,“შალვა ნათელაშვილი – საქართველოს ლეიბორისტული პარტია”
38,5,unm,თენგიზ სხირტლაძე,თენგიზ,სხირტლაძე,“ერთიანი ნაციონალური მოძრაობა – გამარჯვებული საქართველოსთვის”
38,7,united_opposition_2008,ლევან ლობჟანიძე,ლევან,ლობჟანიძე,"“გაერთიანებული ოპოზიცია (ეროვნული საბჭო, მემარჯვენეები)”"
39,2,republicans_2008,ნოდარ ზაზაძე,ნოდარ,ზაზაძე,საქართველოს რესპუბლიკური პარტია
39,4,labour,არჩილ ბენიძე,არჩილ,ბენიძე,“შალვა ნათელაშვილი – საქართველოს ლეიბორისტული პარტია”
39,5,unm,გელა ლონდარიძე,გელა,ლონდარიძე,“ერთიანი ნაციონალური მოძრაობა – გამარჯვებული საქართველოსთვის”
39,7,united_opposition_2008,გია ბერძენიძე,გია,ბერძენიძე,"“გაერთიანებული ოპოზიცია (ეროვნული საბჭო, მემარჯვენეები)”"
40,2,republicans_2008,ოთარ იაგორაშვილი,ოთარ,იაგორაშვილი,საქართველოს რესპუბლიკური პარტია
40,4,labour,თემურ ბარამიძე,თემურ,ბარამიძე,“შალვა ნათელაშვილი – საქართველოს ლეიბორისტული პარტია”
40,5,unm,ჰარუთიუნ ჰოვჰანესიანი,ჰარუთიუნ,ჰოვჰანესიანი,“ერთიანი ნაციონალური მოძრაობა – გამარჯვებული საქართველოსთვის”
41,4,labour,მიხეილ ბირთველიშვილი,მიხეილ,ბირთველიშვილი,“შალვა ნათელაშვილი – საქართველოს ლეიბორისტული პარტია”
41,5,unm,ენზელ მკოიანი,ენზელ,მკოიანი,“ერთიანი ნაციონალური მოძრაობა – გამარჯვებული საქართველოსთვის”
43,1,georgian_politics_2008,ვაჟა მაისურაძე,ვაჟა,მაისურაძე,მოქალაქეთა პოლიტიკური გაერთიანება “ქართული პოლიტიკა”
43,2,republicans_2008,ვასილ მეტრეველი,ვასილ,მეტრეველი,საქართველოს რესპუბლიკური პარტია
43,4,labour,თამაზ მეტრეველი,თამაზ,მეტრეველი,“შალვა ნათელაშვილი – საქართველოს ლეიბორისტული პარტია”
43,5,unm,გიორგი ჭელიძე,გიორგი,ჭელიძე,“ერთიანი ნაციონალური მოძრაობა – გამარჯვებული საქართველოსთვის”
43,7,united_opposition_2008,დავით კერესელიძე,დავით,კერესელიძე,"“გაერთიანებული ოპოზიცია (ეროვნული საბჭო, მემარჯვენეები)”"
43,8,radical_democrats_2008,ვაჟა მელაძე,ვაჟა,მელაძე,“სრულიად საქართველოს რადიკალ-დემოკრატთა ნაციონალური პარტია”
43,10,christian_democrats_2008,მალხაზ მეტრეველი,მალხაზ,მეტრეველი,“გიორგი თარგამაძე – ქრისტიან-დემოკრატები”
43,11,traditionalists,ვასილ მაისურაძე,ვასილ,მაისურაძე,“ტრადიციონალისტები – ჩვენი საქართველო და ქალთა პარტია”
44,2,republicans_2008,მანუჩარ მაჩაიძე,მანუჩარ,მაჩაიძე,საქართველოს რესპუბლიკური პარტია
44,4,labour,ბადრი ფორჩხიძე,ბადრი,ფორჩხიძე,“შალვა ნათელაშვილი – საქართველოს ლეიბორისტული პარტია”
44,5,unm,გოჩა ენუქიძე,გოჩა,ენუქიძე,“ერთიანი ნაციონალური მოძრაობა – გამარჯვებული საქართველოსთვის”
44,7,united_opposition_2008,მამუკა კაციტაძე,მამუკა,კაციტაძე,"“გაერთიანებული ოპოზიცია (ეროვნული საბჭო, მემარჯვენეები)”"
45,2,republicans_2008,კარლო კოპალიანი,კარლო,კოპალიანი,საქართველოს რესპუბლიკური პარტია
45,4,labour,ოთარ კვენეტაძე,ოთარ,კვენეტაძე,“შალვა ნათელაშვილი – საქართველოს ლეიბორისტული პარტია”
45,7,united_opposition_2008,გიორგი ასათიანი,გიორგი,ასათიანი,"“გაერთიანებული ოპოზიცია (ეროვნული საბჭო, მემარჯვენეები)”"
45,9,christian_democratic_alliance_2008,როსტომ თვარაძე,როსტომ,თვარაძე,პოლიტიკური გაერთიანება “ქრისტიანულ-დემოკრატიული ალიანსი (ქდა)”
46,1,georgian_politics_2008,მალხაზ ონიანი,მალხაზ,ონიანი,მოქალაქეთა პოლიტიკური გაერთიანება “ქართული პოლიტიკა”
46,2,republicans_2008,სოსო მუკბანიანი,სოსო,მუკბანიანი,საქართველოს რესპუბლიკური პარტია
46,4,labour,ზაზა ნატბელაძე,ზაზა,ნატბელაძე,“შალვა ნათელაშვილი – საქართველოს ლეიბორისტული პარტია”
46,5,unm,გოგი ლიპარტელიანი,გოგი,ლიპარტელიანი,“ერთიანი ნაციონალური მოძრაობა – გამარჯვებული საქართველოსთვის”
46,7,united_opposition_2008,გიორგი ონიანი,გიორგი,ონიანი,"“გაერთიანებული ოპოზიცია (ეროვნული საბჭო, მემარჯვენეები)”"
47,3,right_alliance_2008,კახაბერ ფანგანი,კახაბერ,ფანგანი,"“მემარჯვენე ალიანსი, თოფაძე–მრეწველები (მ.გ.ს., ერთობა, ე.დ.პ.)”"
47,5,unm,კანდიდ კვიციანი,კანდიდ,კვიციანი,“ერთიანი ნაციონალური მოძრაობა – გამარჯვებული საქართველოსთვის”
47,7,united_opposition_2008,ვიქტორ ჯაფარიძე,ვიქტორ,ჯაფარიძე,"“გაერთიანებული ოპოზიცია (ეროვნული საბჭო, მემარჯვენეები)”"
47,9,christian_democratic_alliance_2008,გიორგი კახიანი,გიორგი,კახიანი,პოლიტიკური გაერთიანება “ქრისტიანულ-დემოკრატიული ალიანსი (ქდა)”
47,10,christian_democrats_2008,რამაზ გერლიანი,რამაზ,გერლიანი,“გიორგი თარგამაძე – ქრისტიან-დემოკრატები”
47,11,traditionalists,მანანა საღლიანი,მანანა,საღლიანი,“ტრადიციონალისტები – ჩვენი საქართველო და ქალთა პარტია”
48,2,republicans_2008,ნოდარ ებანოიძე,ნოდარ,ებანოიძე,საქართველოს რესპუბლიკური პარტია
48,4,labour,მალხაზ ვეფხვაძე,მალხაზ,ვეფხვაძე,“შალვა ნათელაშვილი – საქართველოს ლეიბორისტული პარტია”
48,5,unm,ჯაბა მაღლაკელიძე,ჯაბა,მაღლაკელიძე,“ერთიანი ნაციონალური მოძრაობა – გამარჯვებული საქართველოსთვის”
48,7,united_opposition_2008,ზურაბ მაჭავარიანი,ზურაბ,მაჭავარიანი,"“გაერთიანებული ოპოზიცია (ეროვნული საბჭო, მემარჯვენეები)”"
48,10,christian_democrats_2008,თამაზ გველესიანი,თამაზ,გველესიანი,“გიორგი თარგამაძე – ქრისტიან-დემოკრატები”
49,2,republicans_2008,ავთანდილ ჩუბინიძე,ავთანდილ,ჩუბინიძე,საქართველოს რესპუბლიკური პარტია
49,3,right_alliance_2008,კობა ხუციშვილი,კობა,ხუციშვილი,"“მემარჯვენე ალიანსი, თოფაძე–მრეწველები (მ.გ.ს., ერთობა, ე.დ.პ.)”"
49,5,unm,ბეჟან ბუცხრიკიძე,ბეჟან,ბუცხრიკიძე,“ერთიანი ნაციონალური მოძრაობა – გამარჯვებული საქართველოსთვის”
49,7,united_opposition_2008,დავით ბიწაძე,დავით,ბიწაძე,"“გაერთიანებული ოპოზიცია (ეროვნული საბჭო, მემარჯვენეები)”"
49,9,christian_democratic_alliance_2008,ბადრი რობაქიძე,ბადრი,რობაქიძე,პოლიტიკური გაერთიანება “ქრისტიანულ-დემოკრატიული ალიანსი (ქდა)”
50,2,republicans_2008,ინგა ზაბახიძე,ინგა,ზაბახიძე,საქართველოს რესპუბლიკური პარტია
50,4,labour,მალხაზ გელბახიანი,მალხაზ,გელბახიანი,“შალვა ნათელაშვილი – საქართველოს ლეიბორისტული პარტია”
50,5,unm,სამსონ ქუთათელაძე,სამსონ,ქუთათელაძე,“ერთიანი ნაციონალური მოძრაობა – გამარჯვებული საქართველოსთვის”
50,7,united_opposition_2008,კობა მოდებაძე,კობა,მოდებაძე,"“გაერთიანებული ოპოზიცია (ეროვნული საბჭო, მემარჯვენეები)”"
50,9,christian_democratic_alliance_2008,ზურაბ მურვანიძე,ზურაბ,მურვანიძე,პოლიტიკური გაერთიანება “ქრისტიანულ-დემოკრატიული ალიანსი (ქდა)”
51,2,republicans_2008,თენგიზ შერგელაშვილი,თენგიზ,შერგელაშვილი,საქართველოს რესპუბლიკური პარტია
51,4,labour,გიორგი გოგლიჩიძე,გიორგი,გოგლიჩიძე,“შალვა ნათელაშვილი – საქართველოს ლეიბორისტული პარტია”
51,5,unm,კახა გეწაძე,კახა,გეწაძე,“ერთიანი ნაციონალური მოძრაობა – გამარჯვებული საქართველოსთვის”
51,7,united_opposition_2008,გიორგი ფერაძე,გიორგი,ფერაძე,"“გაერთიანებული ოპოზიცია (ეროვნული საბჭო, მემარჯვენეები)”"
51,8,radical_democrats_2008,მამუკა ჯანიაშვილი,მამუკა,ჯანიაშვილი,“სრულიად საქართველოს რადიკალ-დემოკრატთა ნაციონალური პარტია”
51,9,christian_democratic_alliance_2008,ქეთევან პერანიძე,ქეთევან,პერანიძე,პოლიტიკური გაერთიანება “ქრისტიანულ-დემოკრატიული ალიანსი (ქდა)”
51,10,christian_democrats_2008,მამუკა მახათაძე,მამუკა,მახათაძე,“გიორგი თარგამაძე – ქრისტიან-დემოკრატები”
51,11,traditionalists,ნინო უზნაძე,ნინო,უზნაძე,“ტრადიციონალისტები – ჩვენი საქართველო და ქალთა პარტია”
52,2,republicans_2008,ლენგო კოჩაძე,ლენგო,კოჩაძე,საქართველოს რესპუბლიკური პარტია
52,4,labour,თემურ ნოზაძე,თემურ,ნოზაძე,“შალვა ნათელაშვილი – საქართველოს ლეიბორისტული პარტია”
52,5,unm,თემურ კოხოძე,თემურ,კოხოძე,“ერთიანი ნაციონალური მოძრაობა – გამარჯვებული საქართველოსთვის”
52,7,united_opposition_2008,გიორგი ცაგარეიშვილი,გიორგი,ცაგარეიშვილი,"“გაერთიანებული ოპოზიცია (ეროვნული საბჭო, მემარჯვენეები)”"
52,9,christian_democratic_alliance_2008,სილიბისტრო რობაქიძე,სილიბისტრო,რობაქიძე,პოლიტიკური გაერთიანება “ქრისტიანულ-დემოკრატიული ალიანსი (ქდა)”
52,10,christian_democrats_2008,გიორგი დათუაშვილი,გიორგი,დათუაშვილი,“გიორგი თარგამაძე – ქრისტიან-დემოკრატები”
53,2,republicans_2008,გიორგი ივანიაძე,გიორგი,ივანიაძე,საქართველოს რესპუბლიკური პარტია
53,4,labour,ნანა მდევაძე,ნანა,მდევაძე,“შალვა ნათელაშვილი – საქართველოს ლეიბორისტული პარტია”
53,5,unm,ბეჟან ხურციძე,ბეჟან,ხურციძე,“ერთიანი ნაციონალური მოძრაობა – გამარჯვებული საქართველოსთვის”
53,7,united_opposition_2008,ირაკლი ფხალაძე,ირაკლი,ფხალაძე,"“გაერთიანებული ოპოზიცია (ეროვნული საბჭო, მემარჯვენეები)”"
53,10,christian_democrats_2008,დათო ლორთქიფანიძე,დათო,ლორთქიფანიძე,“გიორგი თარგამაძე – ქრისტიან-დემოკრატები”
54,2,republicans_2008,იმედო გოგავა,იმედო,გოგავა,საქართველოს რესპუბლიკური პარტია
54,4,labour,რამაზ სამნიაშვილი,რამაზ,სამნიაშვილი,“შალვა ნათელაშვილი – საქართველოს ლეიბორისტული პარტია”
54,5,unm,ავთანდილ სტურუა,ავთანდილ,სტურუა,“ერთიანი ნაციონალური მოძრაობა – გამარჯვებული საქართველოსთვის”
54,7,united_opposition_2008,ჯონი ნადირაძე,ჯონი,ნადირაძე,"“გაერთიანებული ოპოზიცია (ეროვნული საბჭო, მემარჯვენეები)”"
54,9,christian_democratic_alliance_2008,მიხეილ ამაღლობელი,მიხეილ,ამაღლობელი,პოლიტიკური გაერთიანება “ქრისტიანულ-დემოკრატიული ალიანსი (ქდა)”
54,10,christian_democrats_2008,მერი კახიანი,მერი,კახიანი,“გიორგი თარგამაძე – ქრისტიან-დემოკრატები”
54,12,our_country_2008,რუსუდან ჩხენკელი,რუსუდან,ჩხენკელი,საქართველოს პოლიტიკური პარტია “ჩვენი ქვეყანა”
55,2,republicans_2008,ვასილ კოპალიანი,ვასილ,კოპალიანი,საქართველოს რესპუბლიკური პარტია
55,4,labour,კახა მათიაშვილი,კახა,მათიაშვილი,“შალვა ნათელაშვილი – საქართველოს ლეიბორისტული პარტია”
55,5,unm,დავით ჭავჭანიძე,დავით,ჭავჭანიძე,“ერთიანი ნაციონალური მოძრაობა – გამარჯვებული საქართველოსთვის”
55,7,united_opposition_2008,ალექსანდრე აკობიძე,ალექსანდრე,აკობიძე,"“გაერთიანებული ოპოზიცია (ეროვნული საბჭო, მემარჯვენეები)”"
56,2,republicans_2008,მალხაზ წერეთელი,მალხაზ,წერეთელი,საქართველოს რესპუბლიკური პარტია
56,4,labour,რევაზ ხვედელიძე,რევაზ,ხვედელიძე,“შალვა ნათელაშვილი – საქართველოს ლეიბორისტული პარტია”
56,5,unm,მამუკა გოგატიშვილი,მამუკა,გოგატიშვილი,“ერთიანი ნაციონალური მოძრაობა – გამარჯვებული საქართველოსთვის”
56,7,united_opposition_2008,ავთანდილ ცხადიაშვილი,ავთანდილ,ცხადიაშვილი,"“გაერთიანებული ოპოზიცია (ეროვნული საბჭო, მემარჯვენეები)”"
56,9,christian_democratic_alliance_2008,ზურაბ ბარათაშვილი,ზურაბ,ბარათაშვილი,პოლიტიკური გაერთიანება “ქრისტიანულ-დემოკრატიული ალიანსი (ქდა)”
56,10,christian_democrats_2008,თეიმურაზ გვალია,თეიმურაზ,გვალია,“გიორგი თარგამაძე – ქრისტიან-დემოკრატები”
57,2,republicans_2008,ზურაბ გვენეტაძე,ზურაბ,გვენეტაძე,საქართველოს რესპუბლიკური პარტია
57,4,labour,გელა ბუბაშვილი,გელა,ბუბაშვილი,“შალვა ნათელაშვილი – საქართველოს ლეიბორისტული პარტია”
57,5,unm,პავლე კუბლაშვილი,პავლე,კუბლაშვილი,“ერთიანი ნაციონალური მოძრაობა – გამარჯვებული საქართველოსთვის”
57,7,united_opposition_2008,გოჩა ბოჭორიშვილი,გოჩა,ბოჭორიშვილი,"“გაერთიანებული ოპოზიცია (ეროვნული საბჭო, მემარჯვენეები)”"
57,9,christian_democratic_alliance_2008,ეკატერინე მინდაძე,ეკატერინე,მინდაძე,პოლიტიკური გაერთიანება “ქრისტიანულ-დემოკრატიული ალიანსი (ქდა)”
57,11,traditionalists,ბეჟან აბესაძე,ბეჟან,აბესაძე,“ტრადიციონალისტები – ჩვენი საქართველო და ქალთა პარტია”
58,1,georgian_politics_2008,შალვა ხაჭაპურიძე,შალვა,ხაჭაპურიძე,მოქალაქეთა პოლიტიკური გაერთიანება “ქართული პოლიტიკა”
58,2,republicans_2008,ლევან ჩანქსელიანი,ლევან,ჩანქსელიანი,საქართველოს რესპუბლიკური პარტია
58,4,labour,გივი გურეშიძე,გივი,გურეშიძე,“შალვა ნათელაშვილი – საქართველოს ლეიბორისტული პარტია”
58,5,unm,მამუკა სანებლიძე,მამუკა,სანებლიძე,“ერთიანი ნაციონალური მოძრაობა – გამარჯვებული საქართველოსთვის”
58,7,united_opposition_2008,გრიგოლ სოხაძე,გრიგოლ,სოხაძე,"“გაერთიანებული ოპოზიცია (ეროვნული საბჭო, მემარჯვენეები)”"
58,9,christian_democratic_alliance_2008,ავთანდილ ასათიანი,ავთანდილ,ასათიანი,პოლიტიკური გაერთიანება “ქრისტიანულ-დემოკრატიული ალიანსი (ქდა)”
58,10,christian_democrats_2008,ბადრი ონიანი,ბადრი,ონიანი,“გიორგი თარგამაძე – ქრისტიან-დემოკრატები”
58,11,traditionalists,დიმიტრი ქვარიანი,დიმიტრი,ქვარიანი,“ტრადიციონალისტები – ჩვენი საქართველო და ქალთა პარტია”
59,2,republicans_2008,ვლადიმერ ნაკაშიძე,ვლადიმერ,ნაკაშიძე,საქართველოს რესპუბლიკური პარტია
59,4,labour,ნესტან კირთაძე,ნესტან,კირთაძე,“შალვა ნათელაშვილი – საქართველოს ლეიბორისტული პარტია”
59,5,unm,აკაკი ბობოხიძე,აკაკი,ბობოხიძე,“ერთიანი ნაციონალური მოძრაობა – გამარჯვებული საქართველოსთვის”
59,7,united_opposition_2008,გუბაზ სანიკიძე,გუბაზ,სანიკიძე,"“გაერთიანებული ოპოზიცია (ეროვნული საბჭო, მემარჯვენეები)”"
59,9,christian_democratic_alliance_2008,თეიმურაზ შაშიაშვილი,თეიმურაზ,შაშიაშვილი,პოლიტიკური გაერთიანება “ქრისტიანულ-დემოკრატიული ალიანსი (ქდა)”
59,10,christian_democrats_2008,გიორგი ახვლედიანი,გიორგი,ახვლედიანი,“გიორგი თარგამაძე – ქრისტიან-დემოკრატები”
59,11,traditionalists,გიორგი წულაია,გიორგი,წულაია,“ტრადიციონალისტები – ჩვენი საქართველო და ქალთა პარტია”
60,2,republicans_2008,ტიფო მიქატაძე,ტიფო,მიქატაძე,საქართველოს რესპუბლიკური პარტია
60,3,right_alliance_2008,მინდია კეჭაყმაძე,მინდია,კეჭაყმაძე,"“მემარჯვენე ალიანსი, თოფაძე–მრეწველები (მ.გ.ს., ერთობა, ე.დ.პ.)”"
60,4,labour,ლაშა ჯიბლაძე,ლაშა,ჯიბლაძე,“შალვა ნათელაშვილი – საქართველოს ლეიბორისტული პარტია”
60,5,unm,ანზორ ერქომაიშვილი,ანზორ,ერქომაიშვილი,“ერთიანი ნაციონალური მოძრაობა – გამარჯვებული საქართველოსთვის”
60,7,united_opposition_2008,ლაშა ჩხარტიშვილი,ლაშა,ჩხარტიშვილი,"“გაერთიანებული ოპოზიცია (ეროვნული საბჭო, მემარჯვენეები)”"
60,9,christian_democratic_alliance_2008,თეიმურაზ ხომერიკი,თეიმურაზ,ხომერიკი,პოლიტიკური გაერთიანება “ქრისტიანულ-დემოკრატიული ალიანსი (ქდა)”
61,3,right_alliance_2008,ავთანდილ ჯორბენაძე,ავთანდილ,ჯორბენაძე,"“მემარჯვენე ალიანსი, თოფაძე–მრეწველები (მ.გ.ს., ერთობა, ე.დ.პ.)”"
61,4,labour,ტარიელ კალანდარიშვილი,ტარიელ,კალანდარიშვილი,“შალვა ნათელაშვილი – საქართველოს ლეიბორისტული პარტია”
61,5,unm,გია გოგუაძე,გია,გოგუაძე,“ერთიანი ნაციონალური მოძრაობა – გამარჯვებული საქართველოსთვის”
61,7,united_opposition_2008,ბიძინა გუჯაბიძე,ბიძინა,გუჯაბიძე,"“გაერთიანებული ოპოზიცია (ეროვნული საბჭო, მემარჯვენეები)”"
61,11,traditionalists,გია გოთუა,გია,გოთუა,“ტრადიციონალისტები – ჩვენი საქართველო და ქალთა პარტია”
62,1,georgian_politics_2008,ზაზა სიხარულიძე,ზაზა,სიხარულიძე,მოქალაქეთა პოლიტიკური გაერთიანება “ქართული პოლიტიკა”
62,2,republicans_2008,ვლადიმერ ტყეშელიაძე,ვლადიმერ,ტყეშელიაძე,საქართველოს რესპუბლიკური პარტია
62,4,labour,ალფეზი ჯიბლაძე,ალფეზი,ჯიბლაძე,“შალვა ნათელაშვილი – საქართველოს ლეიბორისტული პარტია”
62,5,unm,კორნელი კუკულავა,კორნელი,კუკულავა,“ერთიანი ნაციონალური მოძრაობა – გამარჯვებული საქართველოსთვის”
62,7,united_opposition_2008,ვახტანგ გაჩეჩილაძე,ვახტანგ,გაჩეჩილაძე,"“გაერთიანებული ოპოზიცია (ეროვნული საბჭო, მემარჯვენეები)”"
62,8,radical_democrats_2008,კარლო კალანდაძე,კარლო,კალანდაძე,“სრულიად საქართველოს რადიკალ-დემოკრატთა ნაციონალური პარტია”
62,10,christian_democrats_2008,მაგდანა კოტრიკაძე,მაგდანა,კოტრიკაძე,“გიორგი თარგამაძე – ქრისტიან-დემოკრატები”
63,4,labour,მამუკა ძველაია,მამუკა,ძველაია,“შალვა ნათელაშვილი – საქართველოს ლეიბორისტული პარტია”
63,5,unm,რომანოზ ბჟალავა,რომანოზ,ბჟალავა,“ერთიანი ნაციონალური მოძრაობა – გამარჯვებული საქართველოსთვის”
63,7,united_opposition_2008,კონსტანტინე გამსახურდია,კონსტანტინე,გამსახურდია,"“გაერთიანებული ოპოზიცია (ეროვნული საბჭო, მემარჯვენეები)”"
63,8,radical_democrats_2008,მურთაზ მატკავა,მურთაზ,მატკავა,“სრულიად საქართველოს რადიკალ-დემოკრატთა ნაციონალური პარტია”
63,9,christian_democratic_alliance_2008,ჯანსუხ ბოკუჩავა,ჯანსუხ,ბოკუჩავა,პოლიტიკური გაერთიანება “ქრისტიანულ-დემოკრატიული ალიანსი (ქდა)”
64,2,republicans_2008,ვეფხვია რუსია,ვეფხვია,რუსია,საქართველოს რესპუბლიკური პარტია
64,4,labour,ზურაბ ჯორჯიკია,ზურაბ,ჯორჯიკია,“შალვა ნათელაშვილი – საქართველოს ლეიბორისტული პარტია”
64,5,unm,გურამ მისაბიშვილი,გურამ,მისაბიშვილი,“ერთიანი ნაციონალური მოძრაობა – გამარჯვებული საქართველოსთვის”
64,7,united_opposition_2008,ჯონდო ბაღათურია,ჯონდო,ბაღათურია,"“გაერთიანებული ოპოზიცია (ეროვნული საბჭო, მემარჯვენეები)”"
64,9,christian_democratic_alliance_2008,ელგუჯა ხურცია,ელგუჯა,ხურცია,პოლიტიკური გაერთიანება “ქრისტიანულ-დემოკრატიული ალიანსი (ქდა)”
64,10,christian_democrats_2008,დინარა ხუხუა,დინარა,ხუხუა,“გიორგი თარგამაძე – ქრისტიან-დემოკრატები”
65,2,republicans_2008,შოთა ბაღიშვილი,შოთა,ბაღიშვილი,საქართველოს რესპუბლიკური პარტია
65,4,labour,ჯამბულ ხუროძე,ჯამბულ,ხუროძე,“შალვა ნათელაშვილი – საქართველოს ლეიბორისტული პარტია”
65,5,unm,ნაული ჯანაშია,ნაული,ჯანაშია,“ერთიანი ნაციონალური მოძრაობა – გამარჯვებული საქართველოსთვის”
65,7,united_opposition_2008,ვაჟა აბაკელია,ვაჟა,აბაკელია,"“გაერთიანებული ოპოზიცია (ეროვნული საბჭო, მემარჯვენეები)”"
66,4,labour,ზურაბ ლომია,ზურაბ,ლომია,“შალვა ნათელაშვილი – საქართველოს ლეიბორისტული პარტია”
66,5,unm,გოდერძი ბუკია,გოდერძი,ბუკია,“ერთიანი ნაციონალური მოძრაობა – გამარჯვებული საქართველოსთვის”
66,7,united_opposition_2008,გიგა ბუკია,გიგა,ბუკია,"“გაერთიანებული ოპოზიცია (ეროვნული საბჭო, მემარჯვენეები)”"
66,9,christian_democratic_alliance_2008,მალხაზ ჯობავა,მალხაზ,ჯობავა,პოლიტიკური გაერთიანება “ქრისტიანულ-დემოკრატიული ალიანსი (ქდა)”
66,11,traditionalists,ნატო გოგინავა,ნატო,გოგინავა,“ტრადიციონალისტები – ჩვენი საქართველო და ქალთა პარტია”
67,1,georgian_politics_2008,გოჩა ფიფია,გოჩა,ფიფია,მოქალაქეთა პოლიტიკური გაერთიანება “ქართული პოლიტიკა”
67,2,republicans_2008,ნონა თოლორაია,ნონა,თოლორაია,საქართველოს რესპუბლიკური პარტია
67,3,right_alliance_2008,ვახუშტი ფარცვანია,ვახუშტი,ფარცვანია,"“მემარჯვენე ალიანსი, თოფაძე–მრეწველები (მ.გ.ს., ერთობა, ე.დ.პ.)”"
67,4,labour,ადა მარშანია,ადა,მარშანია,“შალვა ნათელაშვილი – საქართველოს ლეიბორისტული პარტია”
67,5,unm,ფრიდონ თოდუა,ფრიდონ,თოდუა,“ერთიანი ნაციონალური მოძრაობა – გამარჯვებული საქართველოსთვის”
67,7,united_opposition_2008,კობა დავითაშვილი,კობა,დავითაშვილი,"“გაერთიანებული ოპოზიცია (ეროვნული საბჭო, მემარჯვენეები)”"
67,9,christian_democratic_alliance_2008,გიორგი შერვაშიძე,გიორგი,შერვაშიძე,პოლიტიკური გაერთიანება “ქრისტიანულ-დემოკრატიული ალიანსი (ქდა)”
67,10,christian_democrats_2008,თემურ თოლორაია,თემურ,თოლორაია,“გიორგი თარგამაძე – ქრისტიან-დემოკრატები”
68,1,georgian_politics_2008,გოჩა ფიფია,გოჩა,ფიფია,მოქალაქეთა პოლიტიკური გაერთიანება “ქართული პოლიტიკა”
68,2,republicans_2008,ფრიდონ ჭურღულია,ფრიდონ,ჭურღულია,საქართველოს რესპუბლიკური პარტია
68,4,labour,ჯუმბერ მილორავა,ჯუმბერ,მილორავა,“შალვა ნათელაშვილი – საქართველოს ლეიბორისტული პარტია”
68,5,unm,როლანდ ფიფია,როლანდ,ფიფია,“ერთიანი ნაციონალური მოძრაობა – გამარჯვებული საქართველოსთვის”
68,7,united_opposition_2008,პაატა სორდია,პაატა,სორდია,"“გაერთიანებული ოპოზიცია (ეროვნული საბჭო, მემარჯვენეები)”"
68,9,christian_democratic_alliance_2008,გელა კეიდია,გელა,კეიდია,პოლიტიკური გაერთიანება “ქრისტიანულ-დემოკრატიული ალიანსი (ქდა)”
68,10,christian_democrats_2008,სესე მიქავა,სესე,მიქავა,“გიორგი თარგამაძე – ქრისტიან-დემოკრატები”
68,11,traditionalists,გიორგი ცანავა,გიორგი,ცანავა,“ტრადიციონალისტები – ჩვენი საქართველო და ქალთა პარტია”
69,1,georgian_politics_2008,გერმან ფაცაცია,გერმან,ფაცაცია,მოქალაქეთა პოლიტიკური გაერთიანება “ქართული პოლიტიკა”
69,3,right_alliance_2008,ჯემალ ჯინჯოლავა,ჯემალ,ჯინჯოლავა,"“მემარჯვენე ალიანსი, თოფაძე–მრეწველები (მ.გ.ს., ერთობა, ე.დ.პ.)”"
69,4,labour,ლალი ვეფხვიაშვილი,ლალი,ვეფხვიაშვილი,“შალვა ნათელაშვილი – საქართველოს ლეიბორისტული პარტია”
69,5,unm,ედიშერ ჯალაღონია,ედიშერ,ჯალაღონია,“ერთიანი ნაციონალური მოძრაობა – გამარჯვებული საქართველოსთვის”
69,7,united_opposition_2008,ვალერიან იზორია,ვალერიან,იზორია,"“გაერთიანებული ოპოზიცია (ეროვნული საბჭო, მემარჯვენეები)”"
69,8,radical_democrats_2008,ლევან ჭანტურია,ლევან,ჭანტურია,“სრულიად საქართველოს რადიკალ-დემოკრატთა ნაციონალური პარტია”
69,11,traditionalists,მანონი გოგუა,მანონი,გოგუა,“ტრადიციონალისტები – ჩვენი საქართველო და ქალთა პარტია”
70,2,republicans_2008,ევგენი გოგინავა,ევგენი,გოგინავა,საქართველოს რესპუბლიკური პარტია
70,4,labour,ბესიკ გვაჯავა,ბესიკ,გვაჯავა,“შალვა ნათელაშვილი – საქართველოს ლეიბორისტული პარტია”
70,5,unm,თეიმურაზ წურწუმია,თეიმურაზ,წურწუმია,“ერთიანი ნაციონალური მოძრაობა – გამარჯვებული საქართველოსთვის”
70,7,united_opposition_2008,ირაკლი კაკულია,ირაკლი,კაკულია,"“გაერთიანებული ოპოზიცია (ეროვნული საბჭო, მემარჯვენეები)”"
70,9,christian_democratic_alliance_2008,ელისო ჯანაშია,ელისო,ჯანაშია,პოლიტიკური გაერთიანება “ქრისტიანულ-დემოკრატიული ალიანსი (ქდა)”
70,10,christian_democrats_2008,ლაშა ბერაია,ლაშა,ბერაია,“გიორგი თარგამაძე – ქრისტიან-დემოკრატები”
70,11,traditionalists,გოჩა დოლბაია,გოჩა,დოლბაია,“ტრადიციონალისტები – ჩვენი საქართველო და ქალთა პარტია”
79,1,georgian_politics_2008,შოთა ზოიძე,შოთა,ზოიძე,მოქალაქეთა პოლიტიკური გაერთიანება “ქართული პოლიტიკა”
79,2,republicans_2008,დავით ბერძენიშვილი,დავით,ბერძენიშვილი,საქართველოს რესპუბლიკური პარტია
79,3,right_alliance_2008,ირაკლი ჯაში,ირაკლი,ჯაში,"“მემარჯვენე ალიანსი, თოფაძე–მრეწველები (მ.გ.ს., ერთობა, ე.დ.პ.)”"
79,4,labour,დავით რობაქიძე,დავით,რობაქიძე,“შალვა ნათელაშვილი – საქართველოს ლეიბორისტული პარტია”
79,5,unm,თეიმურაზ ჩარკვიანი,თეიმურაზ,ჩარკვიანი,“ერთიანი ნაციონალური მოძრაობა – გამარჯვებული საქართველოსთვის”
79,7,united_opposition_2008,ჯუმბერ თავართქილაძე,ჯუმბერ,თავართქილაძე,"“გაერთიანებული ოპოზიცია (ეროვნული საბჭო, მემარჯვენეები)”"
79,10,christian_democrats_2008,ნიაზ ზოსიძე,ნიაზ,ზოსიძე,“გიორგი თარგამაძე – ქრისტიან-დემოკრატები”
79,11,traditionalists,აკაკი ცივაძე,აკაკი,ცივაძე,“ტრადიციონალისტები – ჩვენი საქართველო და ქალთა პარტია”
79,12,our_country_2008,ცისანა ანთაძე,ცისანა,ანთაძე,საქართველოს პოლიტიკური პარტია “ჩვენი ქვეყანა”
80,1,georgian_politics_2008,გიული ჯაყელი,გიული,ჯაყელი,მოქალაქეთა პოლიტიკური გაერთიანება “ქართული პოლიტიკა”
80,2,republicans_2008,ხათუნა სამნიძე,ხათუნა,სამნიძე,საქართველოს რესპუბლიკური პარტია
80,3,right_alliance_2008,შოთა ბოლქვაძე,შოთა,ბოლქვაძე,"“მემარჯვენე ალიანსი, თოფაძე–მრეწველები (მ.გ.ს., ერთობა, ე.დ.პ.)”"
80,4,labour,დავით ბერიძე,დავით,ბერიძე,“შალვა ნათელაშვილი – საქართველოს ლეიბორისტული პარტია”
80,5,unm,იაშა შერვაშიძე,იაშა,შერვაშიძე,“ერთიანი ნაციონალური მოძრაობა – გამარჯვებული საქართველოსთვის”
80,7,united_opposition_2008,დავით ანანიძე,დავით,ანანიძე,"“გაერთიანებული ოპოზიცია (ეროვნული საბჭო, მემარჯვენეები)”"
80,9,christian_democratic_alliance_2008,ლამარა ნაკაშიძე,ლამარა,ნაკაშიძე,პოლიტიკური გაერთიანება “ქრისტიანულ-დემოკრატიული ალიანსი (ქდა)”
80,10,christian_democrats_2008,მურმან დავითაძე,მურმან,დავითაძე,“გიორგი თარგამაძე – ქრისტიან-დემოკრატები”
80,11,traditionalists,ნარგიზ დიასამიძე,ნარგიზ,დიასამიძე,“ტრადიციონალისტები – ჩვენი საქართველო და ქალთა პარტია”
81,2,republicans_2008,კობა ნაკაიძე,კობა,ნაკაიძე,საქართველოს რესპუბლიკური პარტია
81,3,right_alliance_2008,ჯუმბერ ანანიძე,ჯუმბერ,ანანიძე,"“მემარჯვენე ალიანსი, თოფაძე–მრეწველები (მ.გ.ს., ერთობა, ე.დ.პ.)”"
81,4,labour,ნუგზარ ერგემლიძე,ნუგზარ,ერგემლიძე,“შალვა ნათელაშვილი – საქართველოს ლეიბორისტული პარტია”
81,5,unm,ოთარ ხინიკაძე,ოთარ,ხინიკაძე,“ერთიანი ნაციონალური მოძრაობა – გამარჯვებული საქართველოსთვის”
81,7,united_opposition_2008,მირზა სუქნიშვილი,მირზა,სუქნიშვილი,"“გაერთიანებული ოპოზიცია (ეროვნული საბჭო, მემარჯვენეები)”"
81,9,christian_democratic_alliance_2008,იაზგულ ხაჯიშვილი,იაზგულ,ხაჯიშვილი,პოლიტიკური გაერთიანება “ქრისტიანულ-დემოკრატიული ალიანსი (ქდა)”
81,10,christian_democrats_2008,ანზორ თხილაიშვილი,ანზორ,თხილაიშვილი,“გიორგი თარგამაძე – ქრისტიან-დემოკრატები”
81,11,traditionalists,მზია ევგენიძე,მზია,ევგენიძე,“ტრადიციონალისტები – ჩვენი საქართველო და ქალთა პარტია”
82,1,georgian_politics_2008,გურამ ცინცაძე,გურამ,ცინცაძე,მოქალაქეთა პოლიტიკური გაერთიანება “ქართული პოლიტიკა”
82,2,republicans_2008,ნუგზარ ფუტკარაძე,ნუგზარ,ფუტკარაძე,საქართველოს რესპუბლიკური პარტია
82,3,right_alliance_2008,ჯემალ ფუტკარაძე,ჯემალ,ფუტკარაძე,"“მემარჯვენე ალიანსი, თოფაძე–მრეწველები (მ.გ.ს., ერთობა, ე.დ.პ.)”"
82,4,labour,შაქრო ათაბაგი,შაქრო,ათაბაგი,“შალვა ნათელაშვილი – საქართველოს ლეიბორისტული პარტია”
82,5,unm,ელგუჯა მაკარაძე,ელგუჯა,მაკარაძე,“ერთიანი ნაციონალური მოძრაობა – გამარჯვებული საქართველოსთვის”
82,7,united_opposition_2008,შალვა გოგიტიძე,შალვა,გოგიტიძე,"“გაერთიანებული ოპოზიცია (ეროვნული საბჭო, მემარჯვენეები)”"
83,2,republicans_2008,მურმან დუმბაძე,მურმან,დუმბაძე,საქართველოს რესპუბლიკური პარტია
83,3,right_alliance_2008,ვახტანგ ახვლედიანი,ვახტანგ,ახვლედიანი,"“მემარჯვენე ალიანსი, თოფაძე–მრეწველები (მ.გ.ს., ერთობა, ე.დ.პ.)”"
83,4,labour,ბიძინა დუმბაძე,ბიძინა,დუმბაძე,“შალვა ნათელაშვილი – საქართველოს ლეიბორისტული პარტია”
83,5,unm,ასლან თავდგირიძე,ასლან,თავდგირიძე,“ერთიანი ნაციონალური მოძრაობა – გამარჯვებული საქართველოსთვის”
83,7,united_opposition_2008,ბადრი ცინცქილაძე,ბადრი,ცინცქილაძე,"“გაერთიანებული ოპოზიცია (ეროვნული საბჭო, მემარჯვენეები)”"
83,9,christian_democratic_alliance_2008,თამაზ გორგილაძე,თამაზ,გორგილაძე,პოლიტიკური გაერთიანება “ქრისტიანულ-დემოკრატიული ალიანსი (ქდა)”
83,11,traditionalists,ზურაბ ცინცქილაძე,ზურაბ,ცინცქილაძე,“ტრადიციონალისტები – ჩვენი საქართველო და ქალთა პარტია”
84,1,georgian_politics_2008,ოთარ ცეცხლაძე,ოთარ,ცეცხლაძე,მოქალაქეთა პოლიტიკური გაერთიანება “ქართული პოლიტიკა”
84,2,republicans_2008,გივი ბოლქვაძე,გივი,ბოლქვაძე,საქართველოს რესპუბლიკური პარტია
84,3,right_alliance_2008,ტარიელ ნაკაიძე,ტარიელ,ნაკაიძე,"“მემარჯვენე ალიანსი, თოფაძე–მრეწველები (მ.გ.ს., ერთობა, ე.დ.პ.)”"
84,4,labour,ზაურ დეკანაძე,ზაურ,დეკანაძე,“შალვა ნათელაშვილი – საქართველოს ლეიბორისტული პარტია”
84,5,unm,ანზორ ბოლქვაძე,ანზორ,ბოლქვაძე,“ერთიანი ნაციონალური მოძრაობა – გამარჯვებული საქართველოსთვის”
84,7,united_opposition_2008,ოთარ ცეცხლაძე,ოთარ,ცეცხლაძე,"“გაერთიანებული ოპოზიცია (ეროვნული საბჭო, მემარჯვენეები)”"
84,11,traditionalists,ზია საგინაძე,ზია,საგინაძე,“ტრადიციონალისტები – ჩვენი საქართველო და ქალთა პარტია”
85,2,republicans_2008,მარინა მეშვილდიშვილი,მარინა,მეშვილდიშვილი,საქართველოს რესპუბლიკური პარტია
85,4,labour,ზურიკო თენაძე,ზურიკო,თენაძე,“შალვა ნათელაშვილი – საქართველოს ლეიბორისტული პარტია”
85,5,unm,ბადრი ბასიშვილი,ბადრი,ბასიშვილი,“ერთიანი ნაციონალური მოძრაობა – გამარჯვებული საქართველოსთვის”
85,7,united_opposition_2008,გოგა ოქროპირიძე,გოგა,ოქროპირიძე,"“გაერთიანებული ოპოზიცია (ეროვნული საბჭო, მემარჯვენეები)”"
86,3,right_alliance_2008,კახაბერ ფანგანი,კახაბერ,ფანგანი,"“მემარჯვენე ალიანსი, თოფაძე–მრეწველები (მ.გ.ს., ერთობა, ე.დ.პ.)”"
86,5,unm,კანდიდ კვიციანი,კანდიდ,კვიციანი,“ერთიანი ნაციონალური მოძრაობა – გამარჯვებული საქართველოსთვის”
86,7,united_opposition_2008,ვიქტორ ჯაფარიძე,ვიქტორ,ჯაფარიძე,"“გაერთიანებული ოპოზიცია (ეროვნული საბჭო, მემარჯვენეები)”"
86,9,christian_democratic_alliance_2008,გიორგი კახიანი,გიორგი,კახიანი,პოლიტიკური გაერთიანება “ქრისტიანულ-დემოკრატიული ალიანსი (ქდა)”
86,10,christian_democrats_2008,რამაზ გერლიანი,რამაზ,გერლიანი,“გიორგი თარგამაძე – ქრისტიან-დემოკრატები”
86,11,traditionalists,მანანა საღლიანი,მანანა,საღლიანი,“ტრადიციონალისტები – ჩვენი საქართველო და ქალთა პარტია”
